ORI,Antibiotic,Library,pGL2,pGL0,Version,ORI-barcode sequence,Negative control cutoff
2μ,CARB,pGL2_147,pGL2_135_2μ,pGL0_16 [2μ],V2.0,GGGTCACGCGTAGGACGCGTCGAGTAGGGTGGGAATTTATCTCGGGGAGTGTTCCGCAGCCACACGCCGTGTGAAGCTGG,10.7
AMA1_short,CARB,pGL2_147,pGL2_135_AMA1_short,pGL0_17 [AMA1 short],V2.0,GGGTCACGCGTAGGACGCGTCGAGTAGGGTCATGTTTAGGAACGCTACCGGTTCCGCAGCCACACGCCGTGTGAAGCTGG,10.7
CEN6/ARSH4,CARB,pGL2_147,pGL2_135_CEN6/ARSH4,pGL0_15 [CEN6/ARSH4],V2.0,GGGTCACGCGTAGGACGCGTCGAGTAGGGTTCCGACGGGGAGTATATACTGTTCCGCAGCCACACGCCGTGTGAAGCTGG,10.7
Dummy,CARB,pGL2_147,pGL2_135_Dummy,pGL0_113 [Dummy],V2.0,GGGTCACGCGTAGGACGCGTCGAGTAGGGTATGACCGTTAGTGAGGCTAGGTTCCGCAGCCACACGCCGTGTGAAGCTGG,10.7
p15A,CARB,pGL2_147,pGL2_135_p15A,pGL0_114 [p15A],V2.0,GGGTCACGCGTAGGACGCGTCGAGTAGGGTTCTCCGTATGTCATCTCAGCGTTCCGCAGCCACACGCCGTGTGAAGCTGG,10.7
pAL5000,CARB,pGL2_147,pGL2_135_pAL5000,pGL0_5 [pAL5000],V2.0,GGGTCACGCGTAGGACGCGTCGAGTAGGGTATATAGATGCCGTCCTAGCGGTTCCGCAGCCACACGCCGTGTGAAGCTGG,10.7
pΑΜβ1,CARB,pGL2_147,pGL2_135_pAMβ1,pGL0_12 [pAMβ1],V2.0,GGGTCACGCGTAGGACGCGTCGAGTAGGGTTTGGTCATGTGCTTTTCGTTGTTCCGCAGCCACACGCCGTGTGAAGCTGG,10.7
panARS,CARB,pGL2_147,pGL2_135_panARS,pGL0_19 [panARS],V2.0,GGGTCACGCGTAGGACGCGTCGAGTAGGGTTAACTACCAGTATCCACCGCGTTCCGCAGCCACACGCCGTGTGAAGCTGG,10.7
panARS-OPT,CARB,pGL2_147,pGL2_135_panARS-opt,pGL0_20 [panARS-opt],V2.0,GGGTCACGCGTAGGACGCGTCGAGTAGGGTGGCGAGAGGAGATATAGAGCGTTCCGCAGCCACACGCCGTGTGAAGCTGG,10.7
pBBR1,CARB,pGL2_147,pGL2_135_pBBR1,pGL0_2 [pBBR1],V2.0,GGGTCACGCGTAGGACGCGTCGAGTAGGGTAAGTTTGTGGGGTAGGGAATGTTCCGCAGCCACACGCCGTGTGAAGCTGG,10.7
pBBR1-UP,CARB,pGL2_147,pGL2_135_pBBR1-UP,pGL0_24 [pBBR1-UP],V2.0,GGGTCACGCGTAGGACGCGTCGAGTAGGGTTCGGATTAGAGTTCTCTCGCGTTCCGCAGCCACACGCCGTGTGAAGCTGG,10.7
pBC1,CARB,pGL2_147,pGL2_135_pBC1,pGL0_115 [pBC1],V2.0,GGGTCACGCGTAGGACGCGTCGAGTAGGGTTGGCCAGATTAATTCCCAGTGTTCCGCAGCCACACGCCGTGTGAAGCTGG,10.7
pIJ101,CARB,pGL2_147,pGL2_135_pIJ101,pGL0_4 [pIJ101],V2.0,GGGTCACGCGTAGGACGCGTCGAGTAGGGTTGTCAGGGGTAGTGTAACACGTTCCGCAGCCACACGCCGTGTGAAGCTGG,10.7
pIP501,CARB,pGL2_147,pGL2_135_pIP501,pGL0_13 [pIP501],V2.0,GGGTCACGCGTAGGACGCGTCGAGTAGGGTGGGTGGGTAAATGGTAATGCGTTCCGCAGCCACACGCCGTGTGAAGCTGG,10.7
pNG2,CARB,pGL2_147,pGL2_135_pNG2,pGL0_110 [pNG2],V2.0,GGGTCACGCGTAGGACGCGTCGAGTAGGGTCCGAGAGTTAAGGCCACTATGTTCCGCAGCCACACGCCGTGTGAAGCTGG,10.7
pSa,CARB,pGL2_147,pGL2_135_pSa,pGL0_7 [pSa],V2.0,GGGTCACGCGTAGGACGCGTCGAGTAGGGTTAAACTAATTGCCGGGCATGGTTCCGCAGCCACACGCCGTGTGAAGCTGG,10.7
pSC101ts,CARB,pGL2_147,pGL2_135_pSC101ts,pGL0_23 [pSC101ts],V2.0,GGGTCACGCGTAGGACGCGTCGAGTAGGGTCCCGATAGCTGAGAAAGAGTGTTCCGCAGCCACACGCCGTGTGAAGCTGG,10.7
pSG5,CARB,pGL2_147,pGL2_135_pSG5,pGL0_22 [pSG5],V2.0,GGGTCACGCGTAGGACGCGTCGAGTAGGGTTCCGTTTGTTCAAAGGTCACGTTCCGCAGCCACACGCCGTGTGAAGCTGG,10.7
pUB110,CARB,pGL2_147,pGL2_135_pUB110,pGL0_9 [pUB110],V2.0,GGGTCACGCGTAGGACGCGTCGAGTAGGGTCCCTTTAATCAGATGCGTCGGTTCCGCAGCCACACGCCGTGTGAAGCTGG,10.7
pWKS1,CARB,pGL2_147,pGL2_135_pWKS1,pGL0_11 [pWKS1],V2.0,GGGTCACGCGTAGGACGCGTCGAGTAGGGTAGGCTTCAGACCTTATAGCCGTTCCGCAGCCACACGCCGTGTGAAGCTGG,10.7
RK2,CARB,pGL2_147,pGL2_135_RK2,pGL0_1 [RK2],V2.0,GGGTCACGCGTAGGACGCGTCGAGTAGGGTTAGATTCCCTTGACTTGCGTGTTCCGCAGCCACACGCCGTGTGAAGCTGG,10.7
RSF1010,CARB,pGL2_147,pGL2_135_RSF1010,pGL0_3 [RSF1010],V2.0,GGGTCACGCGTAGGACGCGTCGAGTAGGGTGACTTGTGGCCCTTTCTTTTGTTCCGCAGCCACACGCCGTGTGAAGCTGG,10.7
UARS1,CARB,pGL2_147,pGL2_135_UARS1,pGL0_21 [UARS1],V2.0,GGGTCACGCGTAGGACGCGTCGAGTAGGGTAGACCAGGATGGCTGATAAGGTTCCGCAGCCACACGCCGTGTGAAGCTGG,10.7
2μ,KAN,pGL2_148,pGL2_136_2μ,pGL0_16 [2μ],V2.0,GGGTCACGCGTAGGACGCGTCGAGTAGGGTGGGAATTTATCTCGGGGAGTGTTCCGCAGCCACACGCCGTGTGAAGCTGG,10.7
AMA1_short,KAN,pGL2_148,pGL2_136_AMA1_short,pGL0_17 [AMA1 short],V2.0,GGGTCACGCGTAGGACGCGTCGAGTAGGGTCATGTTTAGGAACGCTACCGGTTCCGCAGCCACACGCCGTGTGAAGCTGG,10.7
CEN6/ARSH4,KAN,pGL2_148,pGL2_136_CEN6/ARSH4,pGL0_15 [CEN6/ARSH4],V2.0,GGGTCACGCGTAGGACGCGTCGAGTAGGGTTCCGACGGGGAGTATATACTGTTCCGCAGCCACACGCCGTGTGAAGCTGG,10.7
Dummy,KAN,pGL2_148,pGL2_136_Dummy,pGL0_113 [Dummy],V2.0,GGGTCACGCGTAGGACGCGTCGAGTAGGGTATGACCGTTAGTGAGGCTAGGTTCCGCAGCCACACGCCGTGTGAAGCTGG,10.7
p15A,KAN,pGL2_148,pGL2_136_p15A,pGL0_114 [p15A],V2.0,GGGTCACGCGTAGGACGCGTCGAGTAGGGTTCTCCGTATGTCATCTCAGCGTTCCGCAGCCACACGCCGTGTGAAGCTGG,10.7
pAL5000,KAN,pGL2_148,pGL2_136_pAL5000,pGL0_5 [pAL5000],V2.0,GGGTCACGCGTAGGACGCGTCGAGTAGGGTATATAGATGCCGTCCTAGCGGTTCCGCAGCCACACGCCGTGTGAAGCTGG,10.7
pΑΜβ1,KAN,pGL2_148,pGL2_136_pAMβ1,pGL0_12 [pAMβ1],V2.0,GGGTCACGCGTAGGACGCGTCGAGTAGGGTTTGGTCATGTGCTTTTCGTTGTTCCGCAGCCACACGCCGTGTGAAGCTGG,10.7
panARS,KAN,pGL2_148,pGL2_136_panARS,pGL0_19 [panARS],V2.0,GGGTCACGCGTAGGACGCGTCGAGTAGGGTTAACTACCAGTATCCACCGCGTTCCGCAGCCACACGCCGTGTGAAGCTGG,10.7
panARS-OPT,KAN,pGL2_148,pGL2_136_panARS-opt,pGL0_20 [panARS-opt],V2.0,GGGTCACGCGTAGGACGCGTCGAGTAGGGTGGCGAGAGGAGATATAGAGCGTTCCGCAGCCACACGCCGTGTGAAGCTGG,10.7
pBBR1,KAN,pGL2_148,pGL2_136_pBBR1,pGL0_2 [pBBR1],V2.0,GGGTCACGCGTAGGACGCGTCGAGTAGGGTAAGTTTGTGGGGTAGGGAATGTTCCGCAGCCACACGCCGTGTGAAGCTGG,10.7
pBBR1-UP,KAN,pGL2_148,pGL2_136_pBBR1-UP,pGL0_24 [pBBR1-UP],V2.0,GGGTCACGCGTAGGACGCGTCGAGTAGGGTTCGGATTAGAGTTCTCTCGCGTTCCGCAGCCACACGCCGTGTGAAGCTGG,10.7
pBC1,KAN,pGL2_148,pGL2_136_pBC1,pGL0_115 [pBC1],V2.0,GGGTCACGCGTAGGACGCGTCGAGTAGGGTTGGCCAGATTAATTCCCAGTGTTCCGCAGCCACACGCCGTGTGAAGCTGG,10.7
pIJ101,KAN,pGL2_148,pGL2_136_pIJ101,pGL0_4 [pIJ101],V2.0,GGGTCACGCGTAGGACGCGTCGAGTAGGGTTGTCAGGGGTAGTGTAACACGTTCCGCAGCCACACGCCGTGTGAAGCTGG,10.7
pIP501,KAN,pGL2_148,pGL2_136_pIP501,pGL0_13 [pIP501],V2.0,GGGTCACGCGTAGGACGCGTCGAGTAGGGTGGGTGGGTAAATGGTAATGCGTTCCGCAGCCACACGCCGTGTGAAGCTGG,10.7
pNG2,KAN,pGL2_148,pGL2_136_pNG2,pGL0_110 [pNG2],V2.0,GGGTCACGCGTAGGACGCGTCGAGTAGGGTCCGAGAGTTAAGGCCACTATGTTCCGCAGCCACACGCCGTGTGAAGCTGG,10.7
pSa,KAN,pGL2_148,pGL2_136_pSa,pGL0_7 [pSa],V2.0,GGGTCACGCGTAGGACGCGTCGAGTAGGGTTAAACTAATTGCCGGGCATGGTTCCGCAGCCACACGCCGTGTGAAGCTGG,10.7
pSC101ts,KAN,pGL2_148,pGL2_136_pSC101ts,pGL0_23 [pSC101ts],V2.0,GGGTCACGCGTAGGACGCGTCGAGTAGGGTCCCGATAGCTGAGAAAGAGTGTTCCGCAGCCACACGCCGTGTGAAGCTGG,10.7
pSG5,KAN,pGL2_148,pGL2_136_pSG5,pGL0_22 [pSG5],V2.0,GGGTCACGCGTAGGACGCGTCGAGTAGGGTTCCGTTTGTTCAAAGGTCACGTTCCGCAGCCACACGCCGTGTGAAGCTGG,10.7
pUB110,KAN,pGL2_148,pGL2_136_pUB110,pGL0_9 [pUB110],V2.0,GGGTCACGCGTAGGACGCGTCGAGTAGGGTCCCTTTAATCAGATGCGTCGGTTCCGCAGCCACACGCCGTGTGAAGCTGG,10.7
pWKS1,KAN,pGL2_148,pGL2_136_pWKS1,pGL0_11 [pWKS1],V2.0,GGGTCACGCGTAGGACGCGTCGAGTAGGGTAGGCTTCAGACCTTATAGCCGTTCCGCAGCCACACGCCGTGTGAAGCTGG,10.7
RK2,KAN,pGL2_148,pGL2_136_RK2,pGL0_1 [RK2],V2.0,GGGTCACGCGTAGGACGCGTCGAGTAGGGTTAGATTCCCTTGACTTGCGTGTTCCGCAGCCACACGCCGTGTGAAGCTGG,10.7
RSF1010,KAN,pGL2_148,pGL2_136_RSF1010,pGL0_3 [RSF1010],V2.0,GGGTCACGCGTAGGACGCGTCGAGTAGGGTGACTTGTGGCCCTTTCTTTTGTTCCGCAGCCACACGCCGTGTGAAGCTGG,10.7
UARS1,KAN,pGL2_148,pGL2_136_UARS1,pGL0_21 [UARS1],V2.0,GGGTCACGCGTAGGACGCGTCGAGTAGGGTAGACCAGGATGGCTGATAAGGTTCCGCAGCCACACGCCGTGTGAAGCTGG,10.7
2μ,TET,pGL2_149,pGL2_137_2μ,pGL0_16 [2μ],V2.0,GGGTCACGCGTAGGACGCGTCGAGTAGGGTGGGAATTTATCTCGGGGAGTGTTCCGCAGCCACACGCCGTGTGAAGCTGG,10.7
AMA1_short,TET,pGL2_149,pGL2_137_AMA1,pGL0_17 [AMA1 short],V2.0,GGGTCACGCGTAGGACGCGTCGAGTAGGGTCATGTTTAGGAACGCTACCGGTTCCGCAGCCACACGCCGTGTGAAGCTGG,10.7
CEN6/ARSH4,TET,pGL2_149,pGL2_137_CEN6/ARSH4,pGL0_15 [CEN6/ARSH4],V2.0,GGGTCACGCGTAGGACGCGTCGAGTAGGGTTCCGACGGGGAGTATATACTGTTCCGCAGCCACACGCCGTGTGAAGCTGG,10.7
Dummy,TET,pGL2_149,pGL2_137_Dummy,pGL0_113 [Dummy],V2.0,GGGTCACGCGTAGGACGCGTCGAGTAGGGTATGACCGTTAGTGAGGCTAGGTTCCGCAGCCACACGCCGTGTGAAGCTGG,10.7
p15A,TET,pGL2_149,pGL2_137_p15A,pGL0_114 [p15A],V2.0,GGGTCACGCGTAGGACGCGTCGAGTAGGGTTCTCCGTATGTCATCTCAGCGTTCCGCAGCCACACGCCGTGTGAAGCTGG,10.7
pAL5000,TET,pGL2_149,pGL2_137_pAL5000,pGL0_5 [pAL5000],V2.0,GGGTCACGCGTAGGACGCGTCGAGTAGGGTATATAGATGCCGTCCTAGCGGTTCCGCAGCCACACGCCGTGTGAAGCTGG,10.7
pΑΜβ1,TET,pGL2_149,pGL2_137_pAMβ1,pGL0_12 [pAMβ1],V2.0,GGGTCACGCGTAGGACGCGTCGAGTAGGGTTTGGTCATGTGCTTTTCGTTGTTCCGCAGCCACACGCCGTGTGAAGCTGG,10.7
panARS,TET,pGL2_149,pGL2_137_panARS,pGL0_19 [panARS],V2.0,GGGTCACGCGTAGGACGCGTCGAGTAGGGTTAACTACCAGTATCCACCGCGTTCCGCAGCCACACGCCGTGTGAAGCTGG,10.7
panARS-OPT,TET,pGL2_149,pGL2_137_panARS-OPT,pGL0_20 [panARS-opt],V2.0,GGGTCACGCGTAGGACGCGTCGAGTAGGGTGGCGAGAGGAGATATAGAGCGTTCCGCAGCCACACGCCGTGTGAAGCTGG,10.7
pBBR1,TET,pGL2_149,pGL2_137_pBBR1,pGL0_2 [pBBR1],V2.0,GGGTCACGCGTAGGACGCGTCGAGTAGGGTAAGTTTGTGGGGTAGGGAATGTTCCGCAGCCACACGCCGTGTGAAGCTGG,10.7
pBBR1-UP,TET,pGL2_149,pGL2_137_pBBR1-UP,pGL0_24 [pBBR1-UP],V2.0,GGGTCACGCGTAGGACGCGTCGAGTAGGGTTCGGATTAGAGTTCTCTCGCGTTCCGCAGCCACACGCCGTGTGAAGCTGG,10.7
pBC1,TET,pGL2_149,pGL2_137_pBC1,pGL0_115 [pBC1],V2.0,GGGTCACGCGTAGGACGCGTCGAGTAGGGTTGGCCAGATTAATTCCCAGTGTTCCGCAGCCACACGCCGTGTGAAGCTGG,10.7
pIJ101,TET,pGL2_149,pGL2_137_pIJ101,pGL0_4 [pIJ101],V2.0,GGGTCACGCGTAGGACGCGTCGAGTAGGGTTGTCAGGGGTAGTGTAACACGTTCCGCAGCCACACGCCGTGTGAAGCTGG,10.7
pIP501,TET,pGL2_149,pGL2_137_pIP501,pGL0_13 [pIP501],V2.0,GGGTCACGCGTAGGACGCGTCGAGTAGGGTGGGTGGGTAAATGGTAATGCGTTCCGCAGCCACACGCCGTGTGAAGCTGG,10.7
pNG2,TET,pGL2_149,pGL2_137_pNG2,pGL0_110 [pNG2],V2.0,GGGTCACGCGTAGGACGCGTCGAGTAGGGTCCGAGAGTTAAGGCCACTATGTTCCGCAGCCACACGCCGTGTGAAGCTGG,10.7
pSa,TET,pGL2_149,pGL2_137_pSa,pGL0_7 [pSa],V2.0,GGGTCACGCGTAGGACGCGTCGAGTAGGGTTAAACTAATTGCCGGGCATGGTTCCGCAGCCACACGCCGTGTGAAGCTGG,10.7
pSC101ts,TET,pGL2_149,pGL2_137_pSC101ts,pGL0_23 [pSC101ts],V2.0,GGGTCACGCGTAGGACGCGTCGAGTAGGGTCCCGATAGCTGAGAAAGAGTGTTCCGCAGCCACACGCCGTGTGAAGCTGG,10.7
pSG5,TET,pGL2_149,pGL2_137_pSG5,pGL0_22 [pSG5],V2.0,GGGTCACGCGTAGGACGCGTCGAGTAGGGTTCCGTTTGTTCAAAGGTCACGTTCCGCAGCCACACGCCGTGTGAAGCTGG,10.7
pUB110,TET,pGL2_149,pGL2_137_pUB110,pGL0_9 [pUB110],V2.0,GGGTCACGCGTAGGACGCGTCGAGTAGGGTCCCTTTAATCAGATGCGTCGGTTCCGCAGCCACACGCCGTGTGAAGCTGG,10.7
pWKS1,TET,pGL2_149,pGL2_137_pWKS1,pGL0_11 [pWKS1],V2.0,GGGTCACGCGTAGGACGCGTCGAGTAGGGTAGGCTTCAGACCTTATAGCCGTTCCGCAGCCACACGCCGTGTGAAGCTGG,10.7
RK2,TET,pGL2_149,pGL2_137_RK2,pGL0_1 [RK2],V2.0,GGGTCACGCGTAGGACGCGTCGAGTAGGGTTAGATTCCCTTGACTTGCGTGTTCCGCAGCCACACGCCGTGTGAAGCTGG,10.7
RSF1010,TET,pGL2_149,pGL2_137_RSF1010,pGL0_3 [RSF1010],V2.0,GGGTCACGCGTAGGACGCGTCGAGTAGGGTGACTTGTGGCCCTTTCTTTTGTTCCGCAGCCACACGCCGTGTGAAGCTGG,10.7
UARS1,TET,pGL2_149,pGL2_137_UARS1,pGL0_21 [UARS1],V2.0,GGGTCACGCGTAGGACGCGTCGAGTAGGGTAGACCAGGATGGCTGATAAGGTTCCGCAGCCACACGCCGTGTGAAGCTGG,10.7
2μ,GEN,pGL2_150,pGL2_209,pGL0_16 [2μ],V2.0,GGGTCACGCGTAGGACGCGTCGAGTAGGGTGGGAATTTATCTCGGGGAGTGTTCCGCAGCCACACGCCGTGTGAAGCTGG,10.7
AMA1_short,GEN,pGL2_150,pGL2_206,pGL0_17 [AMA1 short],V2.0,GGGTCACGCGTAGGACGCGTCGAGTAGGGTCATGTTTAGGAACGCTACCGGTTCCGCAGCCACACGCCGTGTGAAGCTGG,10.7
CEN6/ARSH4,GEN,pGL2_150,pGL2_205,pGL0_15 [CEN6/ARSH4],V2.0,GGGTCACGCGTAGGACGCGTCGAGTAGGGTTCCGACGGGGAGTATATACTGTTCCGCAGCCACACGCCGTGTGAAGCTGG,10.7
Dummy,GEN,pGL2_150,pGL2_175,pGL0_113 [Dummy],V2.0,GGGTCACGCGTAGGACGCGTCGAGTAGGGTATGACCGTTAGTGAGGCTAGGTTCCGCAGCCACACGCCGTGTGAAGCTGG,10.7
p15A,GEN,pGL2_150,pGL2_176,pGL0_114 [p15A],V2.0,GGGTCACGCGTAGGACGCGTCGAGTAGGGTTCTCCGTATGTCATCTCAGCGTTCCGCAGCCACACGCCGTGTGAAGCTGG,10.7
pAL5000,GEN,pGL2_150,pGL2_161,pGL0_5 [pAL5000],V2.0,GGGTCACGCGTAGGACGCGTCGAGTAGGGTATATAGATGCCGTCCTAGCGGTTCCGCAGCCACACGCCGTGTGAAGCTGG,10.7
pΑΜβ1,GEN,pGL2_150,pGL2_163,pGL0_12 [pAMβ1],V2.0,GGGTCACGCGTAGGACGCGTCGAGTAGGGTTTGGTCATGTGCTTTTCGTTGTTCCGCAGCCACACGCCGTGTGAAGCTGG,10.7
panARS,GEN,pGL2_150,pGL2_207,pGL0_19 [panARS],V2.0,GGGTCACGCGTAGGACGCGTCGAGTAGGGTTAACTACCAGTATCCACCGCGTTCCGCAGCCACACGCCGTGTGAAGCTGG,10.7
panARS-OPT,GEN,pGL2_150,pGL2_208,pGL0_20 [panARS-opt],V2.0,GGGTCACGCGTAGGACGCGTCGAGTAGGGTGGCGAGAGGAGATATAGAGCGTTCCGCAGCCACACGCCGTGTGAAGCTGG,10.7
pBBR1,GEN,pGL2_150,pGL2_167,pGL0_2 [pBBR1],V2.0,GGGTCACGCGTAGGACGCGTCGAGTAGGGTAAGTTTGTGGGGTAGGGAATGTTCCGCAGCCACACGCCGTGTGAAGCTGG,10.7
pBBR1-UP,GEN,pGL2_150,pGL2_173,pGL0_24 [pBBR1-UP],V2.0,GGGTCACGCGTAGGACGCGTCGAGTAGGGTTCGGATTAGAGTTCTCTCGCGTTCCGCAGCCACACGCCGTGTGAAGCTGG,10.7
pBC1,GEN,pGL2_150,pGL2_177,pGL0_115 [pBC1],V2.0,GGGTCACGCGTAGGACGCGTCGAGTAGGGTTGGCCAGATTAATTCCCAGTGTTCCGCAGCCACACGCCGTGTGAAGCTGG,10.7
pIJ101,GEN,pGL2_150,pGL2_169,pGL0_4 [pIJ101],V2.0,GGGTCACGCGTAGGACGCGTCGAGTAGGGTTGTCAGGGGTAGTGTAACACGTTCCGCAGCCACACGCCGTGTGAAGCTGG,10.7
pIP501,GEN,pGL2_150,pGL2_164,pGL0_13 [pIP501],V2.0,GGGTCACGCGTAGGACGCGTCGAGTAGGGTGGGTGGGTAAATGGTAATGCGTTCCGCAGCCACACGCCGTGTGAAGCTGG,10.7
pNG2,GEN,pGL2_150,pGL2_174,pGL0_110 [pNG2],V2.0,GGGTCACGCGTAGGACGCGTCGAGTAGGGTCCGAGAGTTAAGGCCACTATGTTCCGCAGCCACACGCCGTGTGAAGCTGG,10.7
pSa,GEN,pGL2_150,pGL2_170,pGL0_7 [pSa],V2.0,GGGTCACGCGTAGGACGCGTCGAGTAGGGTTAAACTAATTGCCGGGCATGGTTCCGCAGCCACACGCCGTGTGAAGCTGG,10.7
pSC101ts,GEN,pGL2_150,pGL2_165,pGL0_23 [pSC101ts],V2.0,GGGTCACGCGTAGGACGCGTCGAGTAGGGTCCCGATAGCTGAGAAAGAGTGTTCCGCAGCCACACGCCGTGTGAAGCTGG,10.7
pSG5,GEN,pGL2_150,pGL2_172,pGL0_22 [pSG5],V2.0,GGGTCACGCGTAGGACGCGTCGAGTAGGGTTCCGTTTGTTCAAAGGTCACGTTCCGCAGCCACACGCCGTGTGAAGCTGG,10.7
pUB110,GEN,pGL2_150,pGL2_162,pGL0_9 [pUB110],V2.0,GGGTCACGCGTAGGACGCGTCGAGTAGGGTCCCTTTAATCAGATGCGTCGGTTCCGCAGCCACACGCCGTGTGAAGCTGG,10.7
pWKS1,GEN,pGL2_150,pGL2_171,pGL0_11 [pWKS1],V2.0,GGGTCACGCGTAGGACGCGTCGAGTAGGGTAGGCTTCAGACCTTATAGCCGTTCCGCAGCCACACGCCGTGTGAAGCTGG,10.7
RK2,GEN,pGL2_150,pGL2_166,pGL0_1 [RK2],V2.0,GGGTCACGCGTAGGACGCGTCGAGTAGGGTTAGATTCCCTTGACTTGCGTGTTCCGCAGCCACACGCCGTGTGAAGCTGG,10.7
RSF1010,GEN,pGL2_150,pGL2_168,pGL0_3 [RSF1010],V2.0,GGGTCACGCGTAGGACGCGTCGAGTAGGGTGACTTGTGGCCCTTTCTTTTGTTCCGCAGCCACACGCCGTGTGAAGCTGG,10.7
UARS1,GEN,pGL2_150,pGL2_210,pGL0_21 [UARS1],V2.0,GGGTCACGCGTAGGACGCGTCGAGTAGGGTAGACCAGGATGGCTGATAAGGTTCCGCAGCCACACGCCGTGTGAAGCTGG,10.7
2μ,HYG,pGL2_151,pGL2_139_2μ,pGL0_16 [2μ],V2.0,GGGTCACGCGTAGGACGCGTCGAGTAGGGTGGGAATTTATCTCGGGGAGTGTTCCGCAGCCACACGCCGTGTGAAGCTGG,10.7
AMA1_short,HYG,pGL2_151,pGL2_139_AMA1,pGL0_17 [AMA1 short],V2.0,GGGTCACGCGTAGGACGCGTCGAGTAGGGTCATGTTTAGGAACGCTACCGGTTCCGCAGCCACACGCCGTGTGAAGCTGG,10.7
CEN6/ARSH4,HYG,pGL2_151,pGL2_139_CEN6/ARSH4,pGL0_15 [CEN6/ARSH4],V2.0,GGGTCACGCGTAGGACGCGTCGAGTAGGGTTCCGACGGGGAGTATATACTGTTCCGCAGCCACACGCCGTGTGAAGCTGG,10.7
Dummy,HYG,pGL2_151,pGL2_139_Dummy,pGL0_113 [Dummy],V2.0,GGGTCACGCGTAGGACGCGTCGAGTAGGGTATGACCGTTAGTGAGGCTAGGTTCCGCAGCCACACGCCGTGTGAAGCTGG,10.7
p15A,HYG,pGL2_151,pGL2_139_p15A,pGL0_114 [p15A],V2.0,GGGTCACGCGTAGGACGCGTCGAGTAGGGTTCTCCGTATGTCATCTCAGCGTTCCGCAGCCACACGCCGTGTGAAGCTGG,10.7
pAL5000,HYG,pGL2_151,pGL2_139_pAL5000,pGL0_5 [pAL5000],V2.0,GGGTCACGCGTAGGACGCGTCGAGTAGGGTATATAGATGCCGTCCTAGCGGTTCCGCAGCCACACGCCGTGTGAAGCTGG,10.7
pΑΜβ1,HYG,pGL2_151,pGL2_139_pAMβ1,pGL0_12 [pAMβ1],V2.0,GGGTCACGCGTAGGACGCGTCGAGTAGGGTTTGGTCATGTGCTTTTCGTTGTTCCGCAGCCACACGCCGTGTGAAGCTGG,10.7
panARS,HYG,pGL2_151,pGL2_139_panARS,pGL0_19 [panARS],V2.0,GGGTCACGCGTAGGACGCGTCGAGTAGGGTTAACTACCAGTATCCACCGCGTTCCGCAGCCACACGCCGTGTGAAGCTGG,10.7
panARS-OPT,HYG,pGL2_151,pGL2_139_panARS-OPT,pGL0_20 [panARS-opt],V2.0,GGGTCACGCGTAGGACGCGTCGAGTAGGGTGGCGAGAGGAGATATAGAGCGTTCCGCAGCCACACGCCGTGTGAAGCTGG,10.7
pBBR1,HYG,pGL2_151,pGL2_139_pBBR1,pGL0_2 [pBBR1],V2.0,GGGTCACGCGTAGGACGCGTCGAGTAGGGTAAGTTTGTGGGGTAGGGAATGTTCCGCAGCCACACGCCGTGTGAAGCTGG,10.7
pBBR1-UP,HYG,pGL2_151,pGL2_139_pBBR1-UP,pGL0_24 [pBBR1-UP],V2.0,GGGTCACGCGTAGGACGCGTCGAGTAGGGTTCGGATTAGAGTTCTCTCGCGTTCCGCAGCCACACGCCGTGTGAAGCTGG,10.7
pBC1,HYG,pGL2_151,pGL2_139_pBC1,pGL0_115 [pBC1],V2.0,GGGTCACGCGTAGGACGCGTCGAGTAGGGTTGGCCAGATTAATTCCCAGTGTTCCGCAGCCACACGCCGTGTGAAGCTGG,10.7
pIJ101,HYG,pGL2_151,pGL2_139_pIJ101,pGL0_4 [pIJ101],V2.0,GGGTCACGCGTAGGACGCGTCGAGTAGGGTTGTCAGGGGTAGTGTAACACGTTCCGCAGCCACACGCCGTGTGAAGCTGG,10.7
pIP501,HYG,pGL2_151,pGL2_139_pIP501,pGL0_13 [pIP501],V2.0,GGGTCACGCGTAGGACGCGTCGAGTAGGGTGGGTGGGTAAATGGTAATGCGTTCCGCAGCCACACGCCGTGTGAAGCTGG,10.7
pNG2,HYG,pGL2_151,pGL2_139_pNG2,pGL0_110 [pNG2],V2.0,GGGTCACGCGTAGGACGCGTCGAGTAGGGTCCGAGAGTTAAGGCCACTATGTTCCGCAGCCACACGCCGTGTGAAGCTGG,10.7
pSa,HYG,pGL2_151,pGL2_139_pSa,pGL0_7 [pSa],V2.0,GGGTCACGCGTAGGACGCGTCGAGTAGGGTTAAACTAATTGCCGGGCATGGTTCCGCAGCCACACGCCGTGTGAAGCTGG,10.7
pSC101ts,HYG,pGL2_151,pGL2_139_pSC101ts,pGL0_23 [pSC101ts],V2.0,GGGTCACGCGTAGGACGCGTCGAGTAGGGTCCCGATAGCTGAGAAAGAGTGTTCCGCAGCCACACGCCGTGTGAAGCTGG,10.7
pSG5,HYG,pGL2_151,pGL2_139_pSG5,pGL0_22 [pSG5],V2.0,GGGTCACGCGTAGGACGCGTCGAGTAGGGTTCCGTTTGTTCAAAGGTCACGTTCCGCAGCCACACGCCGTGTGAAGCTGG,10.7
pUB110,HYG,pGL2_151,pGL2_139_pUB110,pGL0_9 [pUB110],V2.0,GGGTCACGCGTAGGACGCGTCGAGTAGGGTCCCTTTAATCAGATGCGTCGGTTCCGCAGCCACACGCCGTGTGAAGCTGG,10.7
pWKS1,HYG,pGL2_151,pGL2_139_pWKS1,pGL0_11 [pWKS1],V2.0,GGGTCACGCGTAGGACGCGTCGAGTAGGGTAGGCTTCAGACCTTATAGCCGTTCCGCAGCCACACGCCGTGTGAAGCTGG,10.7
RK2,HYG,pGL2_151,pGL2_139_RK2,pGL0_1 [RK2],V2.0,GGGTCACGCGTAGGACGCGTCGAGTAGGGTTAGATTCCCTTGACTTGCGTGTTCCGCAGCCACACGCCGTGTGAAGCTGG,10.7
RSF1010,HYG,pGL2_151,pGL2_139_RSF1010,pGL0_3 [RSF1010],V2.0,GGGTCACGCGTAGGACGCGTCGAGTAGGGTGACTTGTGGCCCTTTCTTTTGTTCCGCAGCCACACGCCGTGTGAAGCTGG,10.7
UARS1,HYG,pGL2_151,pGL2_139_UARS1,pGL0_21 [UARS1],V2.0,GGGTCACGCGTAGGACGCGTCGAGTAGGGTAGACCAGGATGGCTGATAAGGTTCCGCAGCCACACGCCGTGTGAAGCTGG,10.7
2μ,ZEO,pGL2_154,pGL2_142_2μ,pGL0_16 [2μ],V2.0,GGGTCACGCGTAGGACGCGTCGAGTAGGGTGGGAATTTATCTCGGGGAGTGTTCCGCAGCCACACGCCGTGTGAAGCTGG,10.7
AMA1_short,ZEO,pGL2_154,pGL2_142_AMA1,pGL0_17 [AMA1 short],V2.0,GGGTCACGCGTAGGACGCGTCGAGTAGGGTCATGTTTAGGAACGCTACCGGTTCCGCAGCCACACGCCGTGTGAAGCTGG,10.7
CEN6/ARSH4,ZEO,pGL2_154,pGL2_142_CEN6/ARSH4,pGL0_15 [CEN6/ARSH4],V2.0,GGGTCACGCGTAGGACGCGTCGAGTAGGGTTCCGACGGGGAGTATATACTGTTCCGCAGCCACACGCCGTGTGAAGCTGG,10.7
Dummy,ZEO,pGL2_154,pGL2_142_Dummy,pGL0_113 [Dummy],V2.0,GGGTCACGCGTAGGACGCGTCGAGTAGGGTATGACCGTTAGTGAGGCTAGGTTCCGCAGCCACACGCCGTGTGAAGCTGG,10.7
p15A,ZEO,pGL2_154,pGL2_142_p15A,pGL0_114 [p15A],V2.0,GGGTCACGCGTAGGACGCGTCGAGTAGGGTTCTCCGTATGTCATCTCAGCGTTCCGCAGCCACACGCCGTGTGAAGCTGG,10.7
pAL5000,ZEO,pGL2_154,pGL2_142_pAL5000,pGL0_5 [pAL5000],V2.0,GGGTCACGCGTAGGACGCGTCGAGTAGGGTATATAGATGCCGTCCTAGCGGTTCCGCAGCCACACGCCGTGTGAAGCTGG,10.7
pΑΜβ1,ZEO,pGL2_154,pGL2_142_pAMβ1,pGL0_12 [pAMβ1],V2.0,GGGTCACGCGTAGGACGCGTCGAGTAGGGTTTGGTCATGTGCTTTTCGTTGTTCCGCAGCCACACGCCGTGTGAAGCTGG,10.7
panARS,ZEO,pGL2_154,pGL2_142_panARS,pGL0_19 [panARS],V2.0,GGGTCACGCGTAGGACGCGTCGAGTAGGGTTAACTACCAGTATCCACCGCGTTCCGCAGCCACACGCCGTGTGAAGCTGG,10.7
panARS-OPT,ZEO,pGL2_154,pGL2_142_panARS-OPT,pGL0_20 [panARS-opt],V2.0,GGGTCACGCGTAGGACGCGTCGAGTAGGGTGGCGAGAGGAGATATAGAGCGTTCCGCAGCCACACGCCGTGTGAAGCTGG,10.7
pBBR1,ZEO,pGL2_154,pGL2_142_pBBR1,pGL0_2 [pBBR1],V2.0,GGGTCACGCGTAGGACGCGTCGAGTAGGGTAAGTTTGTGGGGTAGGGAATGTTCCGCAGCCACACGCCGTGTGAAGCTGG,10.7
pBBR1-UP,ZEO,pGL2_154,pGL2_142_pBBR1-UP,pGL0_24 [pBBR1-UP],V2.0,GGGTCACGCGTAGGACGCGTCGAGTAGGGTTCGGATTAGAGTTCTCTCGCGTTCCGCAGCCACACGCCGTGTGAAGCTGG,10.7
pBC1,ZEO,pGL2_154,pGL2_142_pBC1,pGL0_115 [pBC1],V2.0,GGGTCACGCGTAGGACGCGTCGAGTAGGGTTGGCCAGATTAATTCCCAGTGTTCCGCAGCCACACGCCGTGTGAAGCTGG,10.7
pIJ101,ZEO,pGL2_154,pGL2_142_pIJ101,pGL0_4 [pIJ101],V2.0,GGGTCACGCGTAGGACGCGTCGAGTAGGGTTGTCAGGGGTAGTGTAACACGTTCCGCAGCCACACGCCGTGTGAAGCTGG,10.7
pIP501,ZEO,pGL2_154,pGL2_142_pIP501,pGL0_13 [pIP501],V2.0,GGGTCACGCGTAGGACGCGTCGAGTAGGGTGGGTGGGTAAATGGTAATGCGTTCCGCAGCCACACGCCGTGTGAAGCTGG,10.7
pNG2,ZEO,pGL2_154,pGL2_142_pNG2,pGL0_110 [pNG2],V2.0,GGGTCACGCGTAGGACGCGTCGAGTAGGGTCCGAGAGTTAAGGCCACTATGTTCCGCAGCCACACGCCGTGTGAAGCTGG,10.7
pSa,ZEO,pGL2_154,pGL2_142_pSa,pGL0_7 [pSa],V2.0,GGGTCACGCGTAGGACGCGTCGAGTAGGGTTAAACTAATTGCCGGGCATGGTTCCGCAGCCACACGCCGTGTGAAGCTGG,10.7
pSC101ts,ZEO,pGL2_154,pGL2_142_pSC101ts,pGL0_23 [pSC101ts],V2.0,GGGTCACGCGTAGGACGCGTCGAGTAGGGTCCCGATAGCTGAGAAAGAGTGTTCCGCAGCCACACGCCGTGTGAAGCTGG,10.7
pSG5,ZEO,pGL2_154,pGL2_142_pSG5,pGL0_22 [pSG5],V2.0,GGGTCACGCGTAGGACGCGTCGAGTAGGGTTCCGTTTGTTCAAAGGTCACGTTCCGCAGCCACACGCCGTGTGAAGCTGG,10.7
pUB110,ZEO,pGL2_154,pGL2_142_pUB110,pGL0_9 [pUB110],V2.0,GGGTCACGCGTAGGACGCGTCGAGTAGGGTCCCTTTAATCAGATGCGTCGGTTCCGCAGCCACACGCCGTGTGAAGCTGG,10.7
pWKS1,ZEO,pGL2_154,pGL2_142_pWKS1,pGL0_11 [pWKS1],V2.0,GGGTCACGCGTAGGACGCGTCGAGTAGGGTAGGCTTCAGACCTTATAGCCGTTCCGCAGCCACACGCCGTGTGAAGCTGG,10.7
RK2,ZEO,pGL2_154,pGL2_142_RK2,pGL0_1 [RK2],V2.0,GGGTCACGCGTAGGACGCGTCGAGTAGGGTTAGATTCCCTTGACTTGCGTGTTCCGCAGCCACACGCCGTGTGAAGCTGG,10.7
RSF1010,ZEO,pGL2_154,pGL2_142_RSF1010,pGL0_3 [RSF1010],V2.0,GGGTCACGCGTAGGACGCGTCGAGTAGGGTGACTTGTGGCCCTTTCTTTTGTTCCGCAGCCACACGCCGTGTGAAGCTGG,10.7
UARS1,ZEO,pGL2_154,pGL2_142_UARS1,pGL0_21 [UARS1],V2.0,GGGTCACGCGTAGGACGCGTCGAGTAGGGTAGACCAGGATGGCTGATAAGGTTCCGCAGCCACACGCCGTGTGAAGCTGG,10.7
2μ,ERM,pGL2_157,pGL2_145_2μ,pGL0_16 [2μ],V2.0,GGGTCACGCGTAGGACGCGTCGAGTAGGGTGGGAATTTATCTCGGGGAGTGTTCCGCAGCCACACGCCGTGTGAAGCTGG,10.7
AMA1_short,ERM,pGL2_157,pGL2_145_AMA1,pGL0_17 [AMA1 short],V2.0,GGGTCACGCGTAGGACGCGTCGAGTAGGGTCATGTTTAGGAACGCTACCGGTTCCGCAGCCACACGCCGTGTGAAGCTGG,10.7
CEN6/ARSH4,ERM,pGL2_157,pGL2_145_CEN6/ARSH4,pGL0_15 [CEN6/ARSH4],V2.0,GGGTCACGCGTAGGACGCGTCGAGTAGGGTTCCGACGGGGAGTATATACTGTTCCGCAGCCACACGCCGTGTGAAGCTGG,10.7
Dummy,ERM,pGL2_157,pGL2_145_Dummy,pGL0_113 [Dummy],V2.0,GGGTCACGCGTAGGACGCGTCGAGTAGGGTATGACCGTTAGTGAGGCTAGGTTCCGCAGCCACACGCCGTGTGAAGCTGG,10.7
p15A,ERM,pGL2_157,pGL2_145_p15A,pGL0_114 [p15A],V2.0,GGGTCACGCGTAGGACGCGTCGAGTAGGGTTCTCCGTATGTCATCTCAGCGTTCCGCAGCCACACGCCGTGTGAAGCTGG,10.7
pAL5000,ERM,pGL2_157,pGL2_145_pAL5000,pGL0_5 [pAL5000],V2.0,GGGTCACGCGTAGGACGCGTCGAGTAGGGTATATAGATGCCGTCCTAGCGGTTCCGCAGCCACACGCCGTGTGAAGCTGG,10.7
pΑΜβ1,ERM,pGL2_157,pGL2_145_pAMβ1,pGL0_12 [pAMβ1],V2.0,GGGTCACGCGTAGGACGCGTCGAGTAGGGTTTGGTCATGTGCTTTTCGTTGTTCCGCAGCCACACGCCGTGTGAAGCTGG,10.7
panARS,ERM,pGL2_157,pGL2_145_panARS,pGL0_19 [panARS],V2.0,GGGTCACGCGTAGGACGCGTCGAGTAGGGTTAACTACCAGTATCCACCGCGTTCCGCAGCCACACGCCGTGTGAAGCTGG,10.7
panARS-OPT,ERM,pGL2_157,pGL2_145_panARS-OPT,pGL0_20 [panARS-opt],V2.0,GGGTCACGCGTAGGACGCGTCGAGTAGGGTGGCGAGAGGAGATATAGAGCGTTCCGCAGCCACACGCCGTGTGAAGCTGG,10.7
pBBR1,ERM,pGL2_157,pGL2_145_pBBR1,pGL0_2 [pBBR1],V2.0,GGGTCACGCGTAGGACGCGTCGAGTAGGGTAAGTTTGTGGGGTAGGGAATGTTCCGCAGCCACACGCCGTGTGAAGCTGG,10.7
pBBR1-UP,ERM,pGL2_157,pGL2_145_pBBR1-UP,pGL0_24 [pBBR1-UP],V2.0,GGGTCACGCGTAGGACGCGTCGAGTAGGGTTCGGATTAGAGTTCTCTCGCGTTCCGCAGCCACACGCCGTGTGAAGCTGG,10.7
pBC1,ERM,pGL2_157,pGL2_145_pBC1,pGL0_115 [pBC1],V2.0,GGGTCACGCGTAGGACGCGTCGAGTAGGGTTGGCCAGATTAATTCCCAGTGTTCCGCAGCCACACGCCGTGTGAAGCTGG,10.7
pIJ101,ERM,pGL2_157,pGL2_145_pIJ101,pGL0_4 [pIJ101],V2.0,GGGTCACGCGTAGGACGCGTCGAGTAGGGTTGTCAGGGGTAGTGTAACACGTTCCGCAGCCACACGCCGTGTGAAGCTGG,10.7
pIP501,ERM,pGL2_157,pGL2_145_pIP501,pGL0_13 [pIP501],V2.0,GGGTCACGCGTAGGACGCGTCGAGTAGGGTGGGTGGGTAAATGGTAATGCGTTCCGCAGCCACACGCCGTGTGAAGCTGG,10.7
pNG2,ERM,pGL2_157,pGL2_145_pNG2,pGL0_110 [pNG2],V2.0,GGGTCACGCGTAGGACGCGTCGAGTAGGGTCCGAGAGTTAAGGCCACTATGTTCCGCAGCCACACGCCGTGTGAAGCTGG,10.7
pSa,ERM,pGL2_157,pGL2_145_pSa,pGL0_7 [pSa],V2.0,GGGTCACGCGTAGGACGCGTCGAGTAGGGTTAAACTAATTGCCGGGCATGGTTCCGCAGCCACACGCCGTGTGAAGCTGG,10.7
pSC101ts,ERM,pGL2_157,pGL2_145_pSC101ts,pGL0_23 [pSC101ts],V2.0,GGGTCACGCGTAGGACGCGTCGAGTAGGGTCCCGATAGCTGAGAAAGAGTGTTCCGCAGCCACACGCCGTGTGAAGCTGG,10.7
pSG5,ERM,pGL2_157,pGL2_145_pSG5,pGL0_22 [pSG5],V2.0,GGGTCACGCGTAGGACGCGTCGAGTAGGGTTCCGTTTGTTCAAAGGTCACGTTCCGCAGCCACACGCCGTGTGAAGCTGG,10.7
pUB110,ERM,pGL2_157,pGL2_145_pUB110,pGL0_9 [pUB110],V2.0,GGGTCACGCGTAGGACGCGTCGAGTAGGGTCCCTTTAATCAGATGCGTCGGTTCCGCAGCCACACGCCGTGTGAAGCTGG,10.7
pWKS1,ERM,pGL2_157,pGL2_145_pWKS1,pGL0_11 [pWKS1],V2.0,GGGTCACGCGTAGGACGCGTCGAGTAGGGTAGGCTTCAGACCTTATAGCCGTTCCGCAGCCACACGCCGTGTGAAGCTGG,10.7
RK2,ERM,pGL2_157,pGL2_145_RK2,pGL0_1 [RK2],V2.0,GGGTCACGCGTAGGACGCGTCGAGTAGGGTTAGATTCCCTTGACTTGCGTGTTCCGCAGCCACACGCCGTGTGAAGCTGG,10.7
RSF1010,ERM,pGL2_157,pGL2_145_RSF1010,pGL0_3 [RSF1010],V2.0,GGGTCACGCGTAGGACGCGTCGAGTAGGGTGACTTGTGGCCCTTTCTTTTGTTCCGCAGCCACACGCCGTGTGAAGCTGG,10.7
UARS1,ERM,pGL2_157,pGL2_145_UARS1,pGL0_21 [UARS1],V2.0,GGGTCACGCGTAGGACGCGTCGAGTAGGGTAGACCAGGATGGCTGATAAGGTTCCGCAGCCACACGCCGTGTGAAGCTGG,10.7
Dummy,CARB,pGL2_158,pGL2_136_Dummy,pGL0_113 [Dummy],V2.1,GGGTCACGCGTAGGACGCGTCGAGTAGGGTATGACCGTTAGTGAGGCTAGGTTCCGCAGCCACACGCCGTGTGAAGCTGG,10.7
p15A,CARB,pGL2_158,pGL2_136_p15A,pGL0_114 [p15A],V2.1,GGGTCACGCGTAGGACGCGTCGAGTAGGGTTCTCCGTATGTCATCTCAGCGTTCCGCAGCCACACGCCGTGTGAAGCTGG,10.7
pAL5000,CARB,pGL2_158,pGL2_136_pAL5000,pGL0_5 [pAL5000],V2.1,GGGTCACGCGTAGGACGCGTCGAGTAGGGTATATAGATGCCGTCCTAGCGGTTCCGCAGCCACACGCCGTGTGAAGCTGG,10.7
pΑΜβ1,CARB,pGL2_158,pGL2_136_pAMβ1,pGL0_12 [pAMβ1],V2.1,GGGTCACGCGTAGGACGCGTCGAGTAGGGTTTGGTCATGTGCTTTTCGTTGTTCCGCAGCCACACGCCGTGTGAAGCTGG,10.7
pBBR1,CARB,pGL2_158,pGL2_136_pBBR1,pGL0_2 [pBBR1],V2.1,GGGTCACGCGTAGGACGCGTCGAGTAGGGTAAGTTTGTGGGGTAGGGAATGTTCCGCAGCCACACGCCGTGTGAAGCTGG,10.7
pBBR1-UP,CARB,pGL2_158,pGL2_136_pBBR1-UP,pGL0_24 [pBBR1-UP],V2.1,GGGTCACGCGTAGGACGCGTCGAGTAGGGTTCGGATTAGAGTTCTCTCGCGTTCCGCAGCCACACGCCGTGTGAAGCTGG,10.7
pBC1,CARB,pGL2_158,pGL2_136_pBC1,pGL0_115 [pBC1],V2.1,GGGTCACGCGTAGGACGCGTCGAGTAGGGTTGGCCAGATTAATTCCCAGTGTTCCGCAGCCACACGCCGTGTGAAGCTGG,10.7
pIJ101,CARB,pGL2_158,pGL2_136_pIJ101,pGL0_4 [pIJ101],V2.1,GGGTCACGCGTAGGACGCGTCGAGTAGGGTTGTCAGGGGTAGTGTAACACGTTCCGCAGCCACACGCCGTGTGAAGCTGG,10.7
pIP501,CARB,pGL2_158,pGL2_136_pIP501,pGL0_13 [pIP501],V2.1,GGGTCACGCGTAGGACGCGTCGAGTAGGGTGGGTGGGTAAATGGTAATGCGTTCCGCAGCCACACGCCGTGTGAAGCTGG,10.7
pNG2,CARB,pGL2_158,pGL2_136_pNG2,pGL0_110 [pNG2],V2.1,GGGTCACGCGTAGGACGCGTCGAGTAGGGTCCGAGAGTTAAGGCCACTATGTTCCGCAGCCACACGCCGTGTGAAGCTGG,10.7
pSa,CARB,pGL2_158,pGL2_136_pSa,pGL0_7 [pSa],V2.1,GGGTCACGCGTAGGACGCGTCGAGTAGGGTTAAACTAATTGCCGGGCATGGTTCCGCAGCCACACGCCGTGTGAAGCTGG,10.7
pSC101ts,CARB,pGL2_158,pGL2_136_pSC101ts,pGL0_23 [pSC101ts],V2.1,GGGTCACGCGTAGGACGCGTCGAGTAGGGTCCCGATAGCTGAGAAAGAGTGTTCCGCAGCCACACGCCGTGTGAAGCTGG,10.7
pSG5,CARB,pGL2_158,pGL2_136_pSG5,pGL0_22 [pSG5],V2.1,GGGTCACGCGTAGGACGCGTCGAGTAGGGTTCCGTTTGTTCAAAGGTCACGTTCCGCAGCCACACGCCGTGTGAAGCTGG,10.7
pUB110,CARB,pGL2_158,pGL2_136_pUB110,pGL0_9 [pUB110],V2.1,GGGTCACGCGTAGGACGCGTCGAGTAGGGTCCCTTTAATCAGATGCGTCGGTTCCGCAGCCACACGCCGTGTGAAGCTGG,10.7
pWKS1,CARB,pGL2_158,pGL2_136_pWKS1,pGL0_11 [pWKS1],V2.1,GGGTCACGCGTAGGACGCGTCGAGTAGGGTAGGCTTCAGACCTTATAGCCGTTCCGCAGCCACACGCCGTGTGAAGCTGG,10.7
RK2,CARB,pGL2_158,pGL2_136_RK2,pGL0_1 [RK2],V2.1,GGGTCACGCGTAGGACGCGTCGAGTAGGGTTAGATTCCCTTGACTTGCGTGTTCCGCAGCCACACGCCGTGTGAAGCTGG,10.7
RSF1010,CARB,pGL2_158,pGL2_136_RSF1010,pGL0_3 [RSF1010],V2.1,GGGTCACGCGTAGGACGCGTCGAGTAGGGTGACTTGTGGCCCTTTCTTTTGTTCCGCAGCCACACGCCGTGTGAAGCTGG,10.7
Dummy,KAN,pGL2_159,pGL2_136_Dummy,pGL0_113 [Dummy],V2.1,GGGTCACGCGTAGGACGCGTCGAGTAGGGTATGACCGTTAGTGAGGCTAGGTTCCGCAGCCACACGCCGTGTGAAGCTGG,10.7
p15A,KAN,pGL2_159,pGL2_136_p15A,pGL0_114 [p15A],V2.1,GGGTCACGCGTAGGACGCGTCGAGTAGGGTTCTCCGTATGTCATCTCAGCGTTCCGCAGCCACACGCCGTGTGAAGCTGG,10.7
pAL5000,KAN,pGL2_159,pGL2_136_pAL5000,pGL0_5 [pAL5000],V2.1,GGGTCACGCGTAGGACGCGTCGAGTAGGGTATATAGATGCCGTCCTAGCGGTTCCGCAGCCACACGCCGTGTGAAGCTGG,10.7
pΑΜβ1,KAN,pGL2_159,pGL2_136_pAMβ1,pGL0_12 [pAMβ1],V2.1,GGGTCACGCGTAGGACGCGTCGAGTAGGGTTTGGTCATGTGCTTTTCGTTGTTCCGCAGCCACACGCCGTGTGAAGCTGG,10.7
pBBR1,KAN,pGL2_159,pGL2_136_pBBR1,pGL0_2 [pBBR1],V2.1,GGGTCACGCGTAGGACGCGTCGAGTAGGGTAAGTTTGTGGGGTAGGGAATGTTCCGCAGCCACACGCCGTGTGAAGCTGG,10.7
pBBR1-UP,KAN,pGL2_159,pGL2_136_pBBR1-UP,pGL0_24 [pBBR1-UP],V2.1,GGGTCACGCGTAGGACGCGTCGAGTAGGGTTCGGATTAGAGTTCTCTCGCGTTCCGCAGCCACACGCCGTGTGAAGCTGG,10.7
pBC1,KAN,pGL2_159,pGL2_136_pBC1,pGL0_115 [pBC1],V2.1,GGGTCACGCGTAGGACGCGTCGAGTAGGGTTGGCCAGATTAATTCCCAGTGTTCCGCAGCCACACGCCGTGTGAAGCTGG,10.7
pIJ101,KAN,pGL2_159,pGL2_136_pIJ101,pGL0_4 [pIJ101],V2.1,GGGTCACGCGTAGGACGCGTCGAGTAGGGTTGTCAGGGGTAGTGTAACACGTTCCGCAGCCACACGCCGTGTGAAGCTGG,10.7
pIP501,KAN,pGL2_159,pGL2_136_pIP501,pGL0_13 [pIP501],V2.1,GGGTCACGCGTAGGACGCGTCGAGTAGGGTGGGTGGGTAAATGGTAATGCGTTCCGCAGCCACACGCCGTGTGAAGCTGG,10.7
pNG2,KAN,pGL2_159,pGL2_136_pNG2,pGL0_110 [pNG2],V2.1,GGGTCACGCGTAGGACGCGTCGAGTAGGGTCCGAGAGTTAAGGCCACTATGTTCCGCAGCCACACGCCGTGTGAAGCTGG,10.7
pSa,KAN,pGL2_159,pGL2_136_pSa,pGL0_7 [pSa],V2.1,GGGTCACGCGTAGGACGCGTCGAGTAGGGTTAAACTAATTGCCGGGCATGGTTCCGCAGCCACACGCCGTGTGAAGCTGG,10.7
pSC101ts,KAN,pGL2_159,pGL2_136_pSC101ts,pGL0_23 [pSC101ts],V2.1,GGGTCACGCGTAGGACGCGTCGAGTAGGGTCCCGATAGCTGAGAAAGAGTGTTCCGCAGCCACACGCCGTGTGAAGCTGG,10.7
pSG5,KAN,pGL2_159,pGL2_136_pSG5,pGL0_22 [pSG5],V2.1,GGGTCACGCGTAGGACGCGTCGAGTAGGGTTCCGTTTGTTCAAAGGTCACGTTCCGCAGCCACACGCCGTGTGAAGCTGG,10.7
pUB110,KAN,pGL2_159,pGL2_136_pUB110,pGL0_9 [pUB110],V2.1,GGGTCACGCGTAGGACGCGTCGAGTAGGGTCCCTTTAATCAGATGCGTCGGTTCCGCAGCCACACGCCGTGTGAAGCTGG,10.7
pWKS1,KAN,pGL2_159,pGL2_136_pWKS1,pGL0_11 [pWKS1],V2.1,GGGTCACGCGTAGGACGCGTCGAGTAGGGTAGGCTTCAGACCTTATAGCCGTTCCGCAGCCACACGCCGTGTGAAGCTGG,10.7
RK2,KAN,pGL2_159,pGL2_136_RK2,pGL0_1 [RK2],V2.1,GGGTCACGCGTAGGACGCGTCGAGTAGGGTTAGATTCCCTTGACTTGCGTGTTCCGCAGCCACACGCCGTGTGAAGCTGG,10.7
RSF1010,KAN,pGL2_159,pGL2_136_RSF1010,pGL0_3 [RSF1010],V2.1,GGGTCACGCGTAGGACGCGTCGAGTAGGGTGACTTGTGGCCCTTTCTTTTGTTCCGCAGCCACACGCCGTGTGAAGCTGG,10.7
Dummy,GEN,pGL2_160,pGL2_136_Dummy,pGL0_113 [Dummy],V2.1,GGGTCACGCGTAGGACGCGTCGAGTAGGGTATGACCGTTAGTGAGGCTAGGTTCCGCAGCCACACGCCGTGTGAAGCTGG,10.7
p15A,GEN,pGL2_160,pGL2_136_p15A,pGL0_114 [p15A],V2.1,GGGTCACGCGTAGGACGCGTCGAGTAGGGTTCTCCGTATGTCATCTCAGCGTTCCGCAGCCACACGCCGTGTGAAGCTGG,10.7
pAL5000,GEN,pGL2_160,pGL2_136_pAL5000,pGL0_5 [pAL5000],V2.1,GGGTCACGCGTAGGACGCGTCGAGTAGGGTATATAGATGCCGTCCTAGCGGTTCCGCAGCCACACGCCGTGTGAAGCTGG,10.7
pΑΜβ1,GEN,pGL2_160,pGL2_136_pAMβ1,pGL0_12 [pAMβ1],V2.1,GGGTCACGCGTAGGACGCGTCGAGTAGGGTTTGGTCATGTGCTTTTCGTTGTTCCGCAGCCACACGCCGTGTGAAGCTGG,10.7
pBBR1,GEN,pGL2_160,pGL2_136_pBBR1,pGL0_2 [pBBR1],V2.1,GGGTCACGCGTAGGACGCGTCGAGTAGGGTAAGTTTGTGGGGTAGGGAATGTTCCGCAGCCACACGCCGTGTGAAGCTGG,10.7
pBBR1-UP,GEN,pGL2_160,pGL2_136_pBBR1-UP,pGL0_24 [pBBR1-UP],V2.1,GGGTCACGCGTAGGACGCGTCGAGTAGGGTTCGGATTAGAGTTCTCTCGCGTTCCGCAGCCACACGCCGTGTGAAGCTGG,10.7
pBC1,GEN,pGL2_160,pGL2_136_pBC1,pGL0_115 [pBC1],V2.1,GGGTCACGCGTAGGACGCGTCGAGTAGGGTTGGCCAGATTAATTCCCAGTGTTCCGCAGCCACACGCCGTGTGAAGCTGG,10.7
pIJ101,GEN,pGL2_160,pGL2_136_pIJ101,pGL0_4 [pIJ101],V2.1,GGGTCACGCGTAGGACGCGTCGAGTAGGGTTGTCAGGGGTAGTGTAACACGTTCCGCAGCCACACGCCGTGTGAAGCTGG,10.7
pIP501,GEN,pGL2_160,pGL2_136_pIP501,pGL0_13 [pIP501],V2.1,GGGTCACGCGTAGGACGCGTCGAGTAGGGTGGGTGGGTAAATGGTAATGCGTTCCGCAGCCACACGCCGTGTGAAGCTGG,10.7
pNG2,GEN,pGL2_160,pGL2_136_pNG2,pGL0_110 [pNG2],V2.1,GGGTCACGCGTAGGACGCGTCGAGTAGGGTCCGAGAGTTAAGGCCACTATGTTCCGCAGCCACACGCCGTGTGAAGCTGG,10.7
pSa,GEN,pGL2_160,pGL2_136_pSa,pGL0_7 [pSa],V2.1,GGGTCACGCGTAGGACGCGTCGAGTAGGGTTAAACTAATTGCCGGGCATGGTTCCGCAGCCACACGCCGTGTGAAGCTGG,10.7
pSC101ts,GEN,pGL2_160,pGL2_136_pSC101ts,pGL0_23 [pSC101ts],V2.1,GGGTCACGCGTAGGACGCGTCGAGTAGGGTCCCGATAGCTGAGAAAGAGTGTTCCGCAGCCACACGCCGTGTGAAGCTGG,10.7
pSG5,GEN,pGL2_160,pGL2_136_pSG5,pGL0_22 [pSG5],V2.1,GGGTCACGCGTAGGACGCGTCGAGTAGGGTTCCGTTTGTTCAAAGGTCACGTTCCGCAGCCACACGCCGTGTGAAGCTGG,10.7
pUB110,GEN,pGL2_160,pGL2_136_pUB110,pGL0_9 [pUB110],V2.1,GGGTCACGCGTAGGACGCGTCGAGTAGGGTCCCTTTAATCAGATGCGTCGGTTCCGCAGCCACACGCCGTGTGAAGCTGG,10.7
pWKS1,GEN,pGL2_160,pGL2_136_pWKS1,pGL0_11 [pWKS1],V2.1,GGGTCACGCGTAGGACGCGTCGAGTAGGGTAGGCTTCAGACCTTATAGCCGTTCCGCAGCCACACGCCGTGTGAAGCTGG,10.7
RK2,GEN,pGL2_160,pGL2_136_RK2,pGL0_1 [RK2],V2.1,GGGTCACGCGTAGGACGCGTCGAGTAGGGTTAGATTCCCTTGACTTGCGTGTTCCGCAGCCACACGCCGTGTGAAGCTGG,10.7
RSF1010,GEN,pGL2_160,pGL2_136_RSF1010,pGL0_3 [RSF1010],V2.1,GGGTCACGCGTAGGACGCGTCGAGTAGGGTGACTTGTGGCCCTTTCTTTTGTTCCGCAGCCACACGCCGTGTGAAGCTGG,10.7
pAL5000,KAN,pGL2_217,pGL2_136_pAL5000,pGL0_5 [pAL5000 ORI],V3.0,GGGTCACGCGTAGGACGCGTCGAGTAGGGTATATAGATGCCGTCCTAGCGGTTCCGCAGCCACACGCCGTGTGAAGCTGG,7.6
pUB110,KAN,pGL2_217,pGL2_136_pUB110,pGL0_9 [pUB110 ORI],V3.0,GGGTCACGCGTAGGACGCGTCGAGTAGGGTCCCTTTAATCAGATGCGTCGGTTCCGCAGCCACACGCCGTGTGAAGCTGG,7.6
pAMβ1,KAN,pGL2_217,pGL2_136_pAMβ1,pGL0_12 [pAMβ1 ORI],V3.0,GGGTCACGCGTAGGACGCGTCGAGTAGGGTTTGGTCATGTGCTTTTCGTTGTTCCGCAGCCACACGCCGTGTGAAGCTGG,7.6
pIP501,KAN,pGL2_217,pGL2_136_pIP501,pGL0_13 [pIP501 ORI],V3.0,GGGTCACGCGTAGGACGCGTCGAGTAGGGTGGGTGGGTAAATGGTAATGCGTTCCGCAGCCACACGCCGTGTGAAGCTGG,7.6
pSC101ts,KAN,pGL2_217,pGL2_136_pSC101ts,pGL0_23 [pSC101ts ORI],V3.0,GGGTCACGCGTAGGACGCGTCGAGTAGGGTCCCGATAGCTGAGAAAGAGTGTTCCGCAGCCACACGCCGTGTGAAGCTGG,7.6
RK2,KAN,pGL2_217,pGL2_136_RK2,pGL0_1 [RK2 ORI],V3.0,GGGTCACGCGTAGGACGCGTCGAGTAGGGTTAGATTCCCTTGACTTGCGTGTTCCGCAGCCACACGCCGTGTGAAGCTGG,7.6
pBBR1,KAN,pGL2_217,pGL2_136_pBBR1,pGL0_2 [pBBR1 ORI],V3.0,GGGTCACGCGTAGGACGCGTCGAGTAGGGTAAGTTTGTGGGGTAGGGAATGTTCCGCAGCCACACGCCGTGTGAAGCTGG,7.6
RSF1010,KAN,pGL2_217,pGL2_136_RSF1010,pGL0_3 [RSF1010 ORI],V3.0,GGGTCACGCGTAGGACGCGTCGAGTAGGGTGACTTGTGGCCCTTTCTTTTGTTCCGCAGCCACACGCCGTGTGAAGCTGG,7.6
pIJ101,KAN,pGL2_217,pGL2_136_pIJ101,pGL0_4 [pIJ101 ORI],V3.0,GGGTCACGCGTAGGACGCGTCGAGTAGGGTTGTCAGGGGTAGTGTAACACGTTCCGCAGCCACACGCCGTGTGAAGCTGG,7.6
pSa,KAN,pGL2_217,pGL2_136_pSa,pGL0_7 [pSa ORI],V3.0,GGGTCACGCGTAGGACGCGTCGAGTAGGGTTAAACTAATTGCCGGGCATGGTTCCGCAGCCACACGCCGTGTGAAGCTGG,7.6
pWKS1,KAN,pGL2_217,pGL2_136_pWKS1,pGL0_11 [pWKS1 ORI],V3.0,GGGTCACGCGTAGGACGCGTCGAGTAGGGTAGGCTTCAGACCTTATAGCCGTTCCGCAGCCACACGCCGTGTGAAGCTGG,7.6
pSG5,KAN,pGL2_217,pGL2_136_pSG5,pGL0_22 [pSG5 ORI],V3.0,GGGTCACGCGTAGGACGCGTCGAGTAGGGTTCCGTTTGTTCAAAGGTCACGTTCCGCAGCCACACGCCGTGTGAAGCTGG,7.6
pBBR1-UP,KAN,pGL2_217,pGL2_136_pBBR1-UP,pGL0_24 [pBBR1-UP ORI],V3.0,GGGTCACGCGTAGGACGCGTCGAGTAGGGTTCGGATTAGAGTTCTCTCGCGTTCCGCAGCCACACGCCGTGTGAAGCTGG,7.6
pNG2,KAN,pGL2_217,pGL2_136_pNG2,pGL0_110 [pNG2],V3.0,GGGTCACGCGTAGGACGCGTCGAGTAGGGTCCGAGAGTTAAGGCCACTATGTTCCGCAGCCACACGCCGTGTGAAGCTGG,7.6
Dummy,KAN,pGL2_217,pGL2_136_Dummy,pGL0_113 [Dummy ORI],V3.0,GGGTCACGCGTAGGACGCGTCGAGTAGGGTATGACCGTTAGTGAGGCTAGGTTCCGCAGCCACACGCCGTGTGAAGCTGG,7.6
p15A,KAN,pGL2_217,pGL2_136_p15A,pGL0_114 [p15A],V3.0,GGGTCACGCGTAGGACGCGTCGAGTAGGGTTCTCCGTATGTCATCTCAGCGTTCCGCAGCCACACGCCGTGTGAAGCTGG,7.6
pBC1,KAN,pGL2_217,pGL2_136_pBC1,pGL0_115 [pBC1 ORI],V3.0,GGGTCACGCGTAGGACGCGTCGAGTAGGGTTGGCCAGATTAATTCCCAGTGTTCCGCAGCCACACGCCGTGTGAAGCTGG,7.6
pBP1,KAN,pGL2_217,pGL2_136_pBP1,pGL0_152 [pBP1 ORI],V3.0,GGGTCACGCGTAGGACGCGTCGAGTAGGGTTTATAATCATCCTCCCCGGCGTTCCGCAGCCACACGCCGTGTGAAGCTGG,7.6
pCB102,KAN,pGL2_217,pGL2_136_pCB102,pGL0_153 [pCB102 ORI],V3.0,GGGTCACGCGTAGGACGCGTCGAGTAGGGTTAAATATCCCCTTGAGGCCCGTTCCGCAGCCACACGCCGTGTGAAGCTGG,7.6
pCD6,KAN,pGL2_217,pGL2_136_pCD6,pGL0_154 [pCD6 ORI],V3.0,GGGTCACGCGTAGGACGCGTCGAGTAGGGTTAAATCGTGGATGGAGGAGGGTTCCGCAGCCACACGCCGTGTGAAGCTGG,7.6
pIM13,KAN,pGL2_217,pGL2_136_pIM13,pGL0_155 [pIM13 ORI],V3.0,GGGTCACGCGTAGGACGCGTCGAGTAGGGTCATTGAGAGGGATGCTTTGGGTTCCGCAGCCACACGCCGTGTGAAGCTGG,7.6
pMB1,KAN,pGL2_217,pGL2_136_pMB1,pGL0_168 [pMB1 ORI],V3.0,GGGTCACGCGTAGGACGCGTCGAGTAGGGTTCTCATTGTCTATTCCCCGGGTTCCGCAGCCACACGCCGTGTGAAGCTGG,7.6
pTHT15,KAN,pGL2_217,pGL2_136_pTHT15,pGL0_169 [pTHT15 ORI],V3.0,GGGTCACGCGTAGGACGCGTCGAGTAGGGTTTCTTGTCGACTCCATGTCAGTTCCGCAGCCACACGCCGTGTGAAGCTGG,7.6
pAL5000,GEN,pGL2_218,pGL2_138_pAL5000,pGL0_5 [pAL5000 ORI],V3.0,GGGTCACGCGTAGGACGCGTCGAGTAGGGTATATAGATGCCGTCCTAGCGGTTCCGCAGCCACACGCCGTGTGAAGCTGG,5
pUB110,GEN,pGL2_218,pGL2_138_pUB110,pGL0_9 [pUB110 ORI],V3.0,GGGTCACGCGTAGGACGCGTCGAGTAGGGTCCCTTTAATCAGATGCGTCGGTTCCGCAGCCACACGCCGTGTGAAGCTGG,5
pAMβ1,GEN,pGL2_218,pGL2_138_pAMβ1,pGL0_12 [pAMβ1 ORI],V3.0,GGGTCACGCGTAGGACGCGTCGAGTAGGGTTTGGTCATGTGCTTTTCGTTGTTCCGCAGCCACACGCCGTGTGAAGCTGG,5
pIP501,GEN,pGL2_218,pGL2_138_pIP501,pGL0_13 [pIP501 ORI],V3.0,GGGTCACGCGTAGGACGCGTCGAGTAGGGTGGGTGGGTAAATGGTAATGCGTTCCGCAGCCACACGCCGTGTGAAGCTGG,5
pSC101ts,GEN,pGL2_218,pGL2_138_pSC101ts,pGL0_23 [pSC101ts ORI],V3.0,GGGTCACGCGTAGGACGCGTCGAGTAGGGTCCCGATAGCTGAGAAAGAGTGTTCCGCAGCCACACGCCGTGTGAAGCTGG,5
RK2,GEN,pGL2_218,pGL2_138_RK2,pGL0_1 [RK2 ORI],V3.0,GGGTCACGCGTAGGACGCGTCGAGTAGGGTTAGATTCCCTTGACTTGCGTGTTCCGCAGCCACACGCCGTGTGAAGCTGG,5
pBBR1,GEN,pGL2_218,pGL2_138_pBBR1,pGL0_2 [pBBR1 ORI],V3.0,GGGTCACGCGTAGGACGCGTCGAGTAGGGTAAGTTTGTGGGGTAGGGAATGTTCCGCAGCCACACGCCGTGTGAAGCTGG,5
RSF1010,GEN,pGL2_218,pGL2_138_RSF1010,pGL0_3 [RSF1010 ORI],V3.0,GGGTCACGCGTAGGACGCGTCGAGTAGGGTGACTTGTGGCCCTTTCTTTTGTTCCGCAGCCACACGCCGTGTGAAGCTGG,5
pIJ101,GEN,pGL2_218,pGL2_138_pIJ101,pGL0_4 [pIJ101 ORI],V3.0,GGGTCACGCGTAGGACGCGTCGAGTAGGGTTGTCAGGGGTAGTGTAACACGTTCCGCAGCCACACGCCGTGTGAAGCTGG,5
pSa,GEN,pGL2_218,pGL2_138_pSa,pGL0_7 [pSa ORI],V3.0,GGGTCACGCGTAGGACGCGTCGAGTAGGGTTAAACTAATTGCCGGGCATGGTTCCGCAGCCACACGCCGTGTGAAGCTGG,5
pWKS1,GEN,pGL2_218,pGL2_138_pWKS1,pGL0_11 [pWKS1 ORI],V3.0,GGGTCACGCGTAGGACGCGTCGAGTAGGGTAGGCTTCAGACCTTATAGCCGTTCCGCAGCCACACGCCGTGTGAAGCTGG,5
pSG5,GEN,pGL2_218,pGL2_138_pSG5,pGL0_22 [pSG5 ORI],V3.0,GGGTCACGCGTAGGACGCGTCGAGTAGGGTTCCGTTTGTTCAAAGGTCACGTTCCGCAGCCACACGCCGTGTGAAGCTGG,5
pBBR1-UP,GEN,pGL2_218,pGL2_138_pBBR1-UP,pGL0_24 [pBBR1-UP ORI],V3.0,GGGTCACGCGTAGGACGCGTCGAGTAGGGTTCGGATTAGAGTTCTCTCGCGTTCCGCAGCCACACGCCGTGTGAAGCTGG,5
pNG2,GEN,pGL2_218,pGL2_138_pNG2,pGL0_110 [pNG2],V3.0,GGGTCACGCGTAGGACGCGTCGAGTAGGGTCCGAGAGTTAAGGCCACTATGTTCCGCAGCCACACGCCGTGTGAAGCTGG,5
Dummy,GEN,pGL2_218,pGL2_138_Dummy,pGL0_113 [Dummy ORI],V3.0,GGGTCACGCGTAGGACGCGTCGAGTAGGGTATGACCGTTAGTGAGGCTAGGTTCCGCAGCCACACGCCGTGTGAAGCTGG,5
p15A,GEN,pGL2_218,pGL2_138_p15A,pGL0_114 [p15A],V3.0,GGGTCACGCGTAGGACGCGTCGAGTAGGGTTCTCCGTATGTCATCTCAGCGTTCCGCAGCCACACGCCGTGTGAAGCTGG,5
pBC1,GEN,pGL2_218,pGL2_138_pBC1,pGL0_115 [pBC1 ORI],V3.0,GGGTCACGCGTAGGACGCGTCGAGTAGGGTTGGCCAGATTAATTCCCAGTGTTCCGCAGCCACACGCCGTGTGAAGCTGG,5
pBP1,GEN,pGL2_218,pGL2_138_pBP1,pGL0_152 [pBP1 ORI],V3.0,GGGTCACGCGTAGGACGCGTCGAGTAGGGTTTATAATCATCCTCCCCGGCGTTCCGCAGCCACACGCCGTGTGAAGCTGG,5
pCB102,GEN,pGL2_218,pGL2_138_pCB102,pGL0_153 [pCB102 ORI],V3.0,GGGTCACGCGTAGGACGCGTCGAGTAGGGTTAAATATCCCCTTGAGGCCCGTTCCGCAGCCACACGCCGTGTGAAGCTGG,5
pCD6,GEN,pGL2_218,pGL2_138_pCD6,pGL0_154 [pCD6 ORI],V3.0,GGGTCACGCGTAGGACGCGTCGAGTAGGGTTAAATCGTGGATGGAGGAGGGTTCCGCAGCCACACGCCGTGTGAAGCTGG,5
pIM13,GEN,pGL2_218,pGL2_138_pIM13,pGL0_155 [pIM13 ORI],V3.0,GGGTCACGCGTAGGACGCGTCGAGTAGGGTCATTGAGAGGGATGCTTTGGGTTCCGCAGCCACACGCCGTGTGAAGCTGG,5
pMB1,GEN,pGL2_218,pGL2_138_pMB1,pGL0_168 [pMB1 ORI],V3.0,GGGTCACGCGTAGGACGCGTCGAGTAGGGTTCTCATTGTCTATTCCCCGGGTTCCGCAGCCACACGCCGTGTGAAGCTGG,5
pTHT15,GEN,pGL2_218,pGL2_138_pTHT15,pGL0_169 [pTHT15 ORI],V3.0,GGGTCACGCGTAGGACGCGTCGAGTAGGGTTTCTTGTCGACTCCATGTCAGTTCCGCAGCCACACGCCGTGTGAAGCTGG,5
pAL5000,ERM,pGL2_219,pGL2_145_pAL5000,pGL0_5 [pAL5000 ORI],V3.0,GGGTCACGCGTAGGACGCGTCGAGTAGGGTATATAGATGCCGTCCTAGCGGTTCCGCAGCCACACGCCGTGTGAAGCTGG,8
pUB110,ERM,pGL2_219,pGL2_145_pUB110,pGL0_9 [pUB110 ORI],V3.0,GGGTCACGCGTAGGACGCGTCGAGTAGGGTCCCTTTAATCAGATGCGTCGGTTCCGCAGCCACACGCCGTGTGAAGCTGG,8
pAMβ1,ERM,pGL2_219,pGL2_145_pAMβ1,pGL0_12 [pAMβ1 ORI],V3.0,GGGTCACGCGTAGGACGCGTCGAGTAGGGTTTGGTCATGTGCTTTTCGTTGTTCCGCAGCCACACGCCGTGTGAAGCTGG,8
pIP501,ERM,pGL2_219,pGL2_145_pIP501,pGL0_13 [pIP501 ORI],V3.0,GGGTCACGCGTAGGACGCGTCGAGTAGGGTGGGTGGGTAAATGGTAATGCGTTCCGCAGCCACACGCCGTGTGAAGCTGG,8
pSC101ts,ERM,pGL2_219,pGL2_145_pSC101ts,pGL0_23 [pSC101ts ORI],V3.0,GGGTCACGCGTAGGACGCGTCGAGTAGGGTCCCGATAGCTGAGAAAGAGTGTTCCGCAGCCACACGCCGTGTGAAGCTGG,8
RK2,ERM,pGL2_219,pGL2_145_RK2,pGL0_1 [RK2 ORI],V3.0,GGGTCACGCGTAGGACGCGTCGAGTAGGGTTAGATTCCCTTGACTTGCGTGTTCCGCAGCCACACGCCGTGTGAAGCTGG,8
pBBR1,ERM,pGL2_219,pGL2_145_pBBR1,pGL0_2 [pBBR1 ORI],V3.0,GGGTCACGCGTAGGACGCGTCGAGTAGGGTAAGTTTGTGGGGTAGGGAATGTTCCGCAGCCACACGCCGTGTGAAGCTGG,8
RSF1010,ERM,pGL2_219,pGL2_145_RSF1010,pGL0_3 [RSF1010 ORI],V3.0,GGGTCACGCGTAGGACGCGTCGAGTAGGGTGACTTGTGGCCCTTTCTTTTGTTCCGCAGCCACACGCCGTGTGAAGCTGG,8
pIJ101,ERM,pGL2_219,pGL2_145_pIJ101,pGL0_4 [pIJ101 ORI],V3.0,GGGTCACGCGTAGGACGCGTCGAGTAGGGTTGTCAGGGGTAGTGTAACACGTTCCGCAGCCACACGCCGTGTGAAGCTGG,8
pSa,ERM,pGL2_219,pGL2_145_pSa,pGL0_7 [pSa ORI],V3.0,GGGTCACGCGTAGGACGCGTCGAGTAGGGTTAAACTAATTGCCGGGCATGGTTCCGCAGCCACACGCCGTGTGAAGCTGG,8
pWKS1,ERM,pGL2_219,pGL2_145_pWKS1,pGL0_11 [pWKS1 ORI],V3.0,GGGTCACGCGTAGGACGCGTCGAGTAGGGTAGGCTTCAGACCTTATAGCCGTTCCGCAGCCACACGCCGTGTGAAGCTGG,8
pSG5,ERM,pGL2_219,pGL2_145_pSG5,pGL0_22 [pSG5 ORI],V3.0,GGGTCACGCGTAGGACGCGTCGAGTAGGGTTCCGTTTGTTCAAAGGTCACGTTCCGCAGCCACACGCCGTGTGAAGCTGG,8
pBBR1-UP,ERM,pGL2_219,pGL2_145_pBBR1-UP,pGL0_24 [pBBR1-UP ORI],V3.0,GGGTCACGCGTAGGACGCGTCGAGTAGGGTTCGGATTAGAGTTCTCTCGCGTTCCGCAGCCACACGCCGTGTGAAGCTGG,8
pNG2,ERM,pGL2_219,pGL2_145_pNG2,pGL0_110 [pNG2],V3.0,GGGTCACGCGTAGGACGCGTCGAGTAGGGTCCGAGAGTTAAGGCCACTATGTTCCGCAGCCACACGCCGTGTGAAGCTGG,8
Dummy,ERM,pGL2_219,pGL2_145_Dummy,pGL0_113 [Dummy ORI],V3.0,GGGTCACGCGTAGGACGCGTCGAGTAGGGTATGACCGTTAGTGAGGCTAGGTTCCGCAGCCACACGCCGTGTGAAGCTGG,8
p15A,ERM,pGL2_219,pGL2_145_p15A,pGL0_114 [p15A],V3.0,GGGTCACGCGTAGGACGCGTCGAGTAGGGTTCTCCGTATGTCATCTCAGCGTTCCGCAGCCACACGCCGTGTGAAGCTGG,8
pBC1,ERM,pGL2_219,pGL2_145_pBC1,pGL0_115 [pBC1 ORI],V3.0,GGGTCACGCGTAGGACGCGTCGAGTAGGGTTGGCCAGATTAATTCCCAGTGTTCCGCAGCCACACGCCGTGTGAAGCTGG,8
pBP1,ERM,pGL2_219,pGL2_145_pBP1,pGL0_152 [pBP1 ORI],V3.0,GGGTCACGCGTAGGACGCGTCGAGTAGGGTTTATAATCATCCTCCCCGGCGTTCCGCAGCCACACGCCGTGTGAAGCTGG,8
pCB102,ERM,pGL2_219,pGL2_145_pCB102,pGL0_153 [pCB102 ORI],V3.0,GGGTCACGCGTAGGACGCGTCGAGTAGGGTTAAATATCCCCTTGAGGCCCGTTCCGCAGCCACACGCCGTGTGAAGCTGG,8
pCD6,ERM,pGL2_219,pGL2_145_pCD6,pGL0_154 [pCD6 ORI],V3.0,GGGTCACGCGTAGGACGCGTCGAGTAGGGTTAAATCGTGGATGGAGGAGGGTTCCGCAGCCACACGCCGTGTGAAGCTGG,8
pIM13,ERM,pGL2_219,pGL2_145_pIM13,pGL0_155 [pIM13 ORI],V3.0,GGGTCACGCGTAGGACGCGTCGAGTAGGGTCATTGAGAGGGATGCTTTGGGTTCCGCAGCCACACGCCGTGTGAAGCTGG,8
pMB1,ERM,pGL2_219,pGL2_145_pMB1,pGL0_168 [pMB1 ORI],V3.0,GGGTCACGCGTAGGACGCGTCGAGTAGGGTTCTCATTGTCTATTCCCCGGGTTCCGCAGCCACACGCCGTGTGAAGCTGG,8
pTHT15,ERM,pGL2_219,pGL2_145_pTHT15,pGL0_169 [pTHT15 ORI],V3.0,GGGTCACGCGTAGGACGCGTCGAGTAGGGTTTCTTGTCGACTCCATGTCAGTTCCGCAGCCACACGCCGTGTGAAGCTGG,8
pAL5000,TET,pGL2_220,pGL2_211_pAL5000,pGL0_5 [pAL5000 ORI],V3.0,GGGTCACGCGTAGGACGCGTCGAGTAGGGTATATAGATGCCGTCCTAGCGGTTCCGCAGCCACACGCCGTGTGAAGCTGG,36.98
pUB110,TET,pGL2_220,pGL2_211_pUB110,pGL0_9 [pUB110 ORI],V3.0,GGGTCACGCGTAGGACGCGTCGAGTAGGGTCCCTTTAATCAGATGCGTCGGTTCCGCAGCCACACGCCGTGTGAAGCTGG,36.98
pAMβ1,TET,pGL2_220,pGL2_211_pAMβ1,pGL0_12 [pAMβ1 ORI],V3.0,GGGTCACGCGTAGGACGCGTCGAGTAGGGTTTGGTCATGTGCTTTTCGTTGTTCCGCAGCCACACGCCGTGTGAAGCTGG,36.98
pIP501,TET,pGL2_220,pGL2_211_pIP501,pGL0_13 [pIP501 ORI],V3.0,GGGTCACGCGTAGGACGCGTCGAGTAGGGTGGGTGGGTAAATGGTAATGCGTTCCGCAGCCACACGCCGTGTGAAGCTGG,36.98
pSC101ts,TET,pGL2_220,pGL2_211_pSC101ts,pGL0_23 [pSC101ts ORI],V3.0,GGGTCACGCGTAGGACGCGTCGAGTAGGGTCCCGATAGCTGAGAAAGAGTGTTCCGCAGCCACACGCCGTGTGAAGCTGG,36.98
RK2,TET,pGL2_220,pGL2_211_RK2,pGL0_1 [RK2 ORI],V3.0,GGGTCACGCGTAGGACGCGTCGAGTAGGGTTAGATTCCCTTGACTTGCGTGTTCCGCAGCCACACGCCGTGTGAAGCTGG,36.98
pBBR1,TET,pGL2_220,pGL2_211_pBBR1,pGL0_2 [pBBR1 ORI],V3.0,GGGTCACGCGTAGGACGCGTCGAGTAGGGTAAGTTTGTGGGGTAGGGAATGTTCCGCAGCCACACGCCGTGTGAAGCTGG,36.98
RSF1010,TET,pGL2_220,pGL2_211_RSF1010,pGL0_3 [RSF1010 ORI],V3.0,GGGTCACGCGTAGGACGCGTCGAGTAGGGTGACTTGTGGCCCTTTCTTTTGTTCCGCAGCCACACGCCGTGTGAAGCTGG,36.98
pIJ101,TET,pGL2_220,pGL2_211_pIJ101,pGL0_4 [pIJ101 ORI],V3.0,GGGTCACGCGTAGGACGCGTCGAGTAGGGTTGTCAGGGGTAGTGTAACACGTTCCGCAGCCACACGCCGTGTGAAGCTGG,36.98
pSa,TET,pGL2_220,pGL2_211_pSa,pGL0_7 [pSa ORI],V3.0,GGGTCACGCGTAGGACGCGTCGAGTAGGGTTAAACTAATTGCCGGGCATGGTTCCGCAGCCACACGCCGTGTGAAGCTGG,36.98
pWKS1,TET,pGL2_220,pGL2_211_pWKS1,pGL0_11 [pWKS1 ORI],V3.0,GGGTCACGCGTAGGACGCGTCGAGTAGGGTAGGCTTCAGACCTTATAGCCGTTCCGCAGCCACACGCCGTGTGAAGCTGG,36.98
pSG5,TET,pGL2_220,pGL2_211_pSG5,pGL0_22 [pSG5 ORI],V3.0,GGGTCACGCGTAGGACGCGTCGAGTAGGGTTCCGTTTGTTCAAAGGTCACGTTCCGCAGCCACACGCCGTGTGAAGCTGG,36.98
pBBR1-UP,TET,pGL2_220,pGL2_211_pBBR1-UP,pGL0_24 [pBBR1-UP ORI],V3.0,GGGTCACGCGTAGGACGCGTCGAGTAGGGTTCGGATTAGAGTTCTCTCGCGTTCCGCAGCCACACGCCGTGTGAAGCTGG,36.98
pNG2,TET,pGL2_220,pGL2_211_pNG2,pGL0_110 [pNG2],V3.0,GGGTCACGCGTAGGACGCGTCGAGTAGGGTCCGAGAGTTAAGGCCACTATGTTCCGCAGCCACACGCCGTGTGAAGCTGG,36.98
Dummy,TET,pGL2_220,pGL2_211_Dummy,pGL0_113 [Dummy ORI],V3.0,GGGTCACGCGTAGGACGCGTCGAGTAGGGTATGACCGTTAGTGAGGCTAGGTTCCGCAGCCACACGCCGTGTGAAGCTGG,36.98
p15A,TET,pGL2_220,pGL2_211_p15A,pGL0_114 [p15A],V3.0,GGGTCACGCGTAGGACGCGTCGAGTAGGGTTCTCCGTATGTCATCTCAGCGTTCCGCAGCCACACGCCGTGTGAAGCTGG,36.98
pBC1,TET,pGL2_220,pGL2_211_pBC1,pGL0_115 [pBC1 ORI],V3.0,GGGTCACGCGTAGGACGCGTCGAGTAGGGTTGGCCAGATTAATTCCCAGTGTTCCGCAGCCACACGCCGTGTGAAGCTGG,36.98
pBP1,TET,pGL2_220,pGL2_211_pBP1,pGL0_152 [pBP1 ORI],V3.0,GGGTCACGCGTAGGACGCGTCGAGTAGGGTTTATAATCATCCTCCCCGGCGTTCCGCAGCCACACGCCGTGTGAAGCTGG,36.98
pCB102,TET,pGL2_220,pGL2_211_pCB102,pGL0_153 [pCB102 ORI],V3.0,GGGTCACGCGTAGGACGCGTCGAGTAGGGTTAAATATCCCCTTGAGGCCCGTTCCGCAGCCACACGCCGTGTGAAGCTGG,36.98
pCD6,TET,pGL2_220,pGL2_211_pCD6,pGL0_154 [pCD6 ORI],V3.0,GGGTCACGCGTAGGACGCGTCGAGTAGGGTTAAATCGTGGATGGAGGAGGGTTCCGCAGCCACACGCCGTGTGAAGCTGG,36.98
pIM13,TET,pGL2_220,pGL2_211_pIM13,pGL0_155 [pIM13 ORI],V3.0,GGGTCACGCGTAGGACGCGTCGAGTAGGGTCATTGAGAGGGATGCTTTGGGTTCCGCAGCCACACGCCGTGTGAAGCTGG,36.98
pMB1,TET,pGL2_220,pGL2_211_pMB1,pGL0_168 [pMB1 ORI],V3.0,GGGTCACGCGTAGGACGCGTCGAGTAGGGTTCTCATTGTCTATTCCCCGGGTTCCGCAGCCACACGCCGTGTGAAGCTGG,36.98
pTHT15,TET,pGL2_220,pGL2_211_pTHT15,pGL0_169 [pTHT15 ORI],V3.0,GGGTCACGCGTAGGACGCGTCGAGTAGGGTTTCTTGTCGACTCCATGTCAGTTCCGCAGCCACACGCCGTGTGAAGCTGG,36.98
pAL5000,CAM,pGL2_221,pGL2_212_pAL5000,pGL0_5 [pAL5000 ORI],V3.0,GGGTCACGCGTAGGACGCGTCGAGTAGGGTATATAGATGCCGTCCTAGCGGTTCCGCAGCCACACGCCGTGTGAAGCTGG,6.07
pUB110,CAM,pGL2_221,pGL2_212_pUB110,pGL0_9 [pUB110 ORI],V3.0,GGGTCACGCGTAGGACGCGTCGAGTAGGGTCCCTTTAATCAGATGCGTCGGTTCCGCAGCCACACGCCGTGTGAAGCTGG,6.07
pAMβ1,CAM,pGL2_221,pGL2_212_pAMβ1,pGL0_12 [pAMβ1 ORI],V3.0,GGGTCACGCGTAGGACGCGTCGAGTAGGGTTTGGTCATGTGCTTTTCGTTGTTCCGCAGCCACACGCCGTGTGAAGCTGG,6.07
pIP501,CAM,pGL2_221,pGL2_212_pIP501,pGL0_13 [pIP501 ORI],V3.0,GGGTCACGCGTAGGACGCGTCGAGTAGGGTGGGTGGGTAAATGGTAATGCGTTCCGCAGCCACACGCCGTGTGAAGCTGG,6.07
pSC101ts,CAM,pGL2_221,pGL2_212_pSC101ts,pGL0_23 [pSC101ts ORI],V3.0,GGGTCACGCGTAGGACGCGTCGAGTAGGGTCCCGATAGCTGAGAAAGAGTGTTCCGCAGCCACACGCCGTGTGAAGCTGG,6.07
RK2,CAM,pGL2_221,pGL2_212_RK2,pGL0_1 [RK2 ORI],V3.0,GGGTCACGCGTAGGACGCGTCGAGTAGGGTTAGATTCCCTTGACTTGCGTGTTCCGCAGCCACACGCCGTGTGAAGCTGG,6.07
pBBR1,CAM,pGL2_221,pGL2_212_pBBR1,pGL0_2 [pBBR1 ORI],V3.0,GGGTCACGCGTAGGACGCGTCGAGTAGGGTAAGTTTGTGGGGTAGGGAATGTTCCGCAGCCACACGCCGTGTGAAGCTGG,6.07
RSF1010,CAM,pGL2_221,pGL2_212_RSF1010,pGL0_3 [RSF1010 ORI],V3.0,GGGTCACGCGTAGGACGCGTCGAGTAGGGTGACTTGTGGCCCTTTCTTTTGTTCCGCAGCCACACGCCGTGTGAAGCTGG,6.07
pIJ101,CAM,pGL2_221,pGL2_212_pIJ101,pGL0_4 [pIJ101 ORI],V3.0,GGGTCACGCGTAGGACGCGTCGAGTAGGGTTGTCAGGGGTAGTGTAACACGTTCCGCAGCCACACGCCGTGTGAAGCTGG,6.07
pSa,CAM,pGL2_221,pGL2_212_pSa,pGL0_7 [pSa ORI],V3.0,GGGTCACGCGTAGGACGCGTCGAGTAGGGTTAAACTAATTGCCGGGCATGGTTCCGCAGCCACACGCCGTGTGAAGCTGG,6.07
pWKS1,CAM,pGL2_221,pGL2_212_pWKS1,pGL0_11 [pWKS1 ORI],V3.0,GGGTCACGCGTAGGACGCGTCGAGTAGGGTAGGCTTCAGACCTTATAGCCGTTCCGCAGCCACACGCCGTGTGAAGCTGG,6.07
pSG5,CAM,pGL2_221,pGL2_212_pSG5,pGL0_22 [pSG5 ORI],V3.0,GGGTCACGCGTAGGACGCGTCGAGTAGGGTTCCGTTTGTTCAAAGGTCACGTTCCGCAGCCACACGCCGTGTGAAGCTGG,6.07
pBBR1-UP,CAM,pGL2_221,pGL2_212_pBBR1-UP,pGL0_24 [pBBR1-UP ORI],V3.0,GGGTCACGCGTAGGACGCGTCGAGTAGGGTTCGGATTAGAGTTCTCTCGCGTTCCGCAGCCACACGCCGTGTGAAGCTGG,6.07
pNG2,CAM,pGL2_221,pGL2_212_pNG2,pGL0_110 [pNG2],V3.0,GGGTCACGCGTAGGACGCGTCGAGTAGGGTCCGAGAGTTAAGGCCACTATGTTCCGCAGCCACACGCCGTGTGAAGCTGG,6.07
Dummy,CAM,pGL2_221,pGL2_212_Dummy,pGL0_113 [Dummy ORI],V3.0,GGGTCACGCGTAGGACGCGTCGAGTAGGGTATGACCGTTAGTGAGGCTAGGTTCCGCAGCCACACGCCGTGTGAAGCTGG,6.07
p15A,CAM,pGL2_221,pGL2_212_p15A,pGL0_114 [p15A],V3.0,GGGTCACGCGTAGGACGCGTCGAGTAGGGTTCTCCGTATGTCATCTCAGCGTTCCGCAGCCACACGCCGTGTGAAGCTGG,6.07
pBC1,CAM,pGL2_221,pGL2_212_pBC1,pGL0_115 [pBC1 ORI],V3.0,GGGTCACGCGTAGGACGCGTCGAGTAGGGTTGGCCAGATTAATTCCCAGTGTTCCGCAGCCACACGCCGTGTGAAGCTGG,6.07
pBP1,CAM,pGL2_221,pGL2_212_pBP1,pGL0_152 [pBP1 ORI],V3.0,GGGTCACGCGTAGGACGCGTCGAGTAGGGTTTATAATCATCCTCCCCGGCGTTCCGCAGCCACACGCCGTGTGAAGCTGG,6.07
pCB102,CAM,pGL2_221,pGL2_212_pCB102,pGL0_153 [pCB102 ORI],V3.0,GGGTCACGCGTAGGACGCGTCGAGTAGGGTTAAATATCCCCTTGAGGCCCGTTCCGCAGCCACACGCCGTGTGAAGCTGG,6.07
pCD6,CAM,pGL2_221,pGL2_212_pCD6,pGL0_154 [pCD6 ORI],V3.0,GGGTCACGCGTAGGACGCGTCGAGTAGGGTTAAATCGTGGATGGAGGAGGGTTCCGCAGCCACACGCCGTGTGAAGCTGG,6.07
pIM13,CAM,pGL2_221,pGL2_212_pIM13,pGL0_155 [pIM13 ORI],V3.0,GGGTCACGCGTAGGACGCGTCGAGTAGGGTCATTGAGAGGGATGCTTTGGGTTCCGCAGCCACACGCCGTGTGAAGCTGG,6.07
pMB1,CAM,pGL2_221,pGL2_212_pMB1,pGL0_168 [pMB1 ORI],V3.0,GGGTCACGCGTAGGACGCGTCGAGTAGGGTTCTCATTGTCTATTCCCCGGGTTCCGCAGCCACACGCCGTGTGAAGCTGG,6.07
pTHT15,CAM,pGL2_221,pGL2_212_pTHT15,pGL0_169 [pTHT15 ORI],V3.0,GGGTCACGCGTAGGACGCGTCGAGTAGGGTTTCTTGTCGACTCCATGTCAGTTCCGCAGCCACACGCCGTGTGAAGCTGG,6.07
pAL5000,SPEC,pGL2_222,pGL2_213_pAL5000,pGL0_5 [pAL5000 ORI],V3.0,GGGTCACGCGTAGGACGCGTCGAGTAGGGTATATAGATGCCGTCCTAGCGGTTCCGCAGCCACACGCCGTGTGAAGCTGG,5.48
pUB110,SPEC,pGL2_222,pGL2_213_pUB110,pGL0_9 [pUB110 ORI],V3.0,GGGTCACGCGTAGGACGCGTCGAGTAGGGTCCCTTTAATCAGATGCGTCGGTTCCGCAGCCACACGCCGTGTGAAGCTGG,5.48
pAMβ1,SPEC,pGL2_222,pGL2_213_pAMβ1,pGL0_12 [pAMβ1 ORI],V3.0,GGGTCACGCGTAGGACGCGTCGAGTAGGGTTTGGTCATGTGCTTTTCGTTGTTCCGCAGCCACACGCCGTGTGAAGCTGG,5.48
pIP501,SPEC,pGL2_222,pGL2_213_pIP501,pGL0_13 [pIP501 ORI],V3.0,GGGTCACGCGTAGGACGCGTCGAGTAGGGTGGGTGGGTAAATGGTAATGCGTTCCGCAGCCACACGCCGTGTGAAGCTGG,5.48
pSC101ts,SPEC,pGL2_222,pGL2_213_pSC101ts,pGL0_23 [pSC101ts ORI],V3.0,GGGTCACGCGTAGGACGCGTCGAGTAGGGTCCCGATAGCTGAGAAAGAGTGTTCCGCAGCCACACGCCGTGTGAAGCTGG,5.48
RK2,SPEC,pGL2_222,pGL2_213_RK2,pGL0_1 [RK2 ORI],V3.0,GGGTCACGCGTAGGACGCGTCGAGTAGGGTTAGATTCCCTTGACTTGCGTGTTCCGCAGCCACACGCCGTGTGAAGCTGG,5.48
pBBR1,SPEC,pGL2_222,pGL2_213_pBBR1,pGL0_2 [pBBR1 ORI],V3.0,GGGTCACGCGTAGGACGCGTCGAGTAGGGTAAGTTTGTGGGGTAGGGAATGTTCCGCAGCCACACGCCGTGTGAAGCTGG,5.48
RSF1010,SPEC,pGL2_222,pGL2_213_RSF1010,pGL0_3 [RSF1010 ORI],V3.0,GGGTCACGCGTAGGACGCGTCGAGTAGGGTGACTTGTGGCCCTTTCTTTTGTTCCGCAGCCACACGCCGTGTGAAGCTGG,5.48
pIJ101,SPEC,pGL2_222,pGL2_213_pIJ101,pGL0_4 [pIJ101 ORI],V3.0,GGGTCACGCGTAGGACGCGTCGAGTAGGGTTGTCAGGGGTAGTGTAACACGTTCCGCAGCCACACGCCGTGTGAAGCTGG,5.48
pSa,SPEC,pGL2_222,pGL2_213_pSa,pGL0_7 [pSa ORI],V3.0,GGGTCACGCGTAGGACGCGTCGAGTAGGGTTAAACTAATTGCCGGGCATGGTTCCGCAGCCACACGCCGTGTGAAGCTGG,5.48
pWKS1,SPEC,pGL2_222,pGL2_213_pWKS1,pGL0_11 [pWKS1 ORI],V3.0,GGGTCACGCGTAGGACGCGTCGAGTAGGGTAGGCTTCAGACCTTATAGCCGTTCCGCAGCCACACGCCGTGTGAAGCTGG,5.48
pSG5,SPEC,pGL2_222,pGL2_213_pSG5,pGL0_22 [pSG5 ORI],V3.0,GGGTCACGCGTAGGACGCGTCGAGTAGGGTTCCGTTTGTTCAAAGGTCACGTTCCGCAGCCACACGCCGTGTGAAGCTGG,5.48
pBBR1-UP,SPEC,pGL2_222,pGL2_213_pBBR1-UP,pGL0_24 [pBBR1-UP ORI],V3.0,GGGTCACGCGTAGGACGCGTCGAGTAGGGTTCGGATTAGAGTTCTCTCGCGTTCCGCAGCCACACGCCGTGTGAAGCTGG,5.48
pNG2,SPEC,pGL2_222,pGL2_213_pNG2,pGL0_110 [pNG2],V3.0,GGGTCACGCGTAGGACGCGTCGAGTAGGGTCCGAGAGTTAAGGCCACTATGTTCCGCAGCCACACGCCGTGTGAAGCTGG,5.48
Dummy,SPEC,pGL2_222,pGL2_213_Dummy,pGL0_113 [Dummy ORI],V3.0,GGGTCACGCGTAGGACGCGTCGAGTAGGGTATGACCGTTAGTGAGGCTAGGTTCCGCAGCCACACGCCGTGTGAAGCTGG,5.48
p15A,SPEC,pGL2_222,pGL2_213_p15A,pGL0_114 [p15A],V3.0,GGGTCACGCGTAGGACGCGTCGAGTAGGGTTCTCCGTATGTCATCTCAGCGTTCCGCAGCCACACGCCGTGTGAAGCTGG,5.48
pBC1,SPEC,pGL2_222,pGL2_213_pBC1,pGL0_115 [pBC1 ORI],V3.0,GGGTCACGCGTAGGACGCGTCGAGTAGGGTTGGCCAGATTAATTCCCAGTGTTCCGCAGCCACACGCCGTGTGAAGCTGG,5.48
pBP1,SPEC,pGL2_222,pGL2_213_pBP1,pGL0_152 [pBP1 ORI],V3.0,GGGTCACGCGTAGGACGCGTCGAGTAGGGTTTATAATCATCCTCCCCGGCGTTCCGCAGCCACACGCCGTGTGAAGCTGG,5.48
pCB102,SPEC,pGL2_222,pGL2_213_pCB102,pGL0_153 [pCB102 ORI],V3.0,GGGTCACGCGTAGGACGCGTCGAGTAGGGTTAAATATCCCCTTGAGGCCCGTTCCGCAGCCACACGCCGTGTGAAGCTGG,5.48
pCD6,SPEC,pGL2_222,pGL2_213_pCD6,pGL0_154 [pCD6 ORI],V3.0,GGGTCACGCGTAGGACGCGTCGAGTAGGGTTAAATCGTGGATGGAGGAGGGTTCCGCAGCCACACGCCGTGTGAAGCTGG,5.48
pIM13,SPEC,pGL2_222,pGL2_213_pIM13,pGL0_155 [pIM13 ORI],V3.0,GGGTCACGCGTAGGACGCGTCGAGTAGGGTCATTGAGAGGGATGCTTTGGGTTCCGCAGCCACACGCCGTGTGAAGCTGG,5.48
pMB1,SPEC,pGL2_222,pGL2_213_pMB1,pGL0_168 [pMB1 ORI],V3.0,GGGTCACGCGTAGGACGCGTCGAGTAGGGTTCTCATTGTCTATTCCCCGGGTTCCGCAGCCACACGCCGTGTGAAGCTGG,5.48
pTHT15,SPEC,pGL2_222,pGL2_213_pTHT15,pGL0_169 [pTHT15 ORI],V3.0,GGGTCACGCGTAGGACGCGTCGAGTAGGGTTTCTTGTCGACTCCATGTCAGTTCCGCAGCCACACGCCGTGTGAAGCTGG,5.48
